{"learning_rate": 0.001, "epochs": 30, "batch_size": 1024, "loss_fn": "CrossEntropyLoss", "optimizer": "Adam", "accuracies": [0.8427, 0.88197, 0.89134, 0.89328, 0.89542, 0.8976, 0.89642, 0.89754, 0.89688, 0.89677, 0.89976, 0.90003, 0.90185, 0.90382, 0.90499, 0.90442, 0.90538, 0.9046, 0.9059, 0.9071, 0.90547, 0.90596, 0.90666, 0.90641, 0.9078, 0.91055, 0.91092, 0.91012, 0.9099, 0.90912], "average_losses": [0.33234877641103705, 0.28417209322963444, 0.26998464793575055, 0.2600546932342101, 0.25264469230053377, 0.2468113344238729, 0.24361502105484203, 0.23987288332107115, 0.23755995077746256, 0.2355136422782528, 0.23322703385231447, 0.23233997365649867, 0.23102837086332087, 0.22987807237980318, 0.22926533085351086, 0.22753030882806194, 0.2263275538476146, 0.2254089763273998, 0.22471818601598545, 0.22422696269896567, 0.22379545700185152, 0.22366390422898896, 0.22332842648029327, 0.22173414668258357, 0.22149421913283213, 0.22090540370162653, 0.22010077064742847, 0.21945271686631806, 0.21853141273771012, 0.21800447893994196]}