{"learning_rate": 0.001, "epochs": 50, "batch_size": 1024, "loss_fn": "CrossEntropyLoss", "optimizer": "Adam", "accuracies": [0.96833, 0.97997, 0.98162, 0.98234, 0.98314, 0.98345, 0.98433, 0.98456, 0.98452, 0.98488, 0.98506, 0.9853, 0.98529, 0.98532, 0.98564, 0.98586, 0.98658, 0.98656, 0.98701, 0.98701, 0.987, 0.9871, 0.9873, 0.98731, 0.98738, 0.98736, 0.98732, 0.98731, 0.98692, 0.9874, 0.98699, 0.98745, 0.98724, 0.98724, 0.98744, 0.98714, 0.98714, 0.98727, 0.98736, 0.98708, 0.98719, 0.9874, 0.98731, 0.98754, 0.98733, 0.98674, 0.98742, 0.98748, 0.98765, 0.98775], "average_losses": [0.10236051876325997, 0.07522209779340394, 0.06555626583190596, 0.0576000486557581, 0.05486004189493097, 0.0524807406627402, 0.051024086184191464, 0.04988556034026705, 0.04976754308659203, 0.049064802975222775, 0.04814580563759925, 0.04727997300120033, 0.047189139723017505, 0.04655376966206395, 0.04566517305009219, 0.04512641213986338, 0.0442362991636809, 0.04382878771926067, 0.04339963180602205, 0.04338382045757406, 0.042558921101902215, 0.04222102085014387, 0.04212457715172549, 0.04182185126202447, 0.04184289810684871, 0.04183286379034422, 0.0416428182008011, 0.04165202491365525, 0.04175726598014637, 0.04135957113182058, 0.04159493210288335, 0.040896112536441306, 0.04080503479558594, 0.04093094090265887, 0.04054622114540971, 0.04099885646101772, 0.04070658692900015, 0.040488624869256605, 0.04065377040937239, 0.040563887517367093, 0.04028583458643787, 0.04007392047847412, 0.040168452399725815, 0.04008915828426882, 0.0400379766919175, 0.040462241926211485, 0.03986914537618963, 0.04125995650811463, 0.03964363300830734, 0.03971018217389985]}