{"learning_rate": 0.001, "epochs": 50, "batch_size": 32, "loss_fn": "CrossEntropyLoss", "optimizer": "Adam", "accuracies": [0.96728, 0.96789, 0.96828, 0.96892, 0.96903, 0.96975, 0.97071, 0.97071, 0.97062, 0.97149, 0.97156, 0.97147, 0.97141, 0.97173, 0.97145, 0.97169, 0.97172, 0.97155, 0.97236, 0.9724, 0.97201, 0.97332, 0.97282, 0.97335, 0.97269, 0.97381, 0.97404, 0.97401, 0.97381, 0.97329, 0.9742, 0.97337, 0.97388, 0.97372, 0.97488, 0.97501, 0.97385, 0.97532, 0.9725, 0.97478, 0.97547, 0.97459, 0.97551, 0.97524, 0.97559, 0.97555, 0.97595, 0.97516, 0.97533, 0.97602], "average_losses": [0.09089444173619152, 0.08690603184275329, 0.08675339290574192, 0.08494833024203777, 0.08347678087823093, 0.08322591017916799, 0.0811874810435623, 0.08227155890055, 0.079629403007105, 0.0797115160119161, 0.0796586446756497, 0.07892240664493293, 0.08075759815398603, 0.07901041244320571, 0.0788233405328542, 0.07840388233624399, 0.07777090455234051, 0.07824109024949372, 0.07540490290483459, 0.07541150856405497, 0.07657905154792592, 0.07544731726936996, 0.07484137049801648, 0.07394390330612659, 0.0743421625173837, 0.07680194138903171, 0.07411080747712404, 0.07290976751625537, 0.07360670812349766, 0.07394378414422273, 0.07320361774139106, 0.0743569763199985, 0.07321229489080608, 0.07379004305858165, 0.07351293811894953, 0.07231666937671602, 0.07458673576934263, 0.07207324438340962, 0.07646943075738848, 0.07224538291536271, 0.07175747947080992, 0.07299193251702935, 0.07216289576027542, 0.07213473086111248, 0.07118698483861984, 0.07145769110720605, 0.07215311338618398, 0.0707905825490132, 0.07103350568352267, 0.07086347455486655]}