{"learning_rate": 0.001, "epochs": 50, "batch_size": 1024, "loss_fn": "CrossEntropyLoss", "optimizer": "Adam", "accuracies": [0.92201, 0.94959, 0.94958, 0.95159, 0.95403, 0.95498, 0.95515, 0.95571, 0.95643, 0.9557, 0.95625, 0.95798, 0.95815, 0.95851, 0.95783, 0.95879, 0.95985, 0.95973, 0.96172, 0.96119, 0.96212, 0.96068, 0.96211, 0.96325, 0.96278, 0.96288, 0.96348, 0.96396, 0.96372, 0.96421, 0.96386, 0.96576, 0.9653, 0.96489, 0.96512, 0.96515, 0.96529, 0.96613, 0.96563, 0.96582, 0.96601, 0.96686, 0.96584, 0.96644, 0.96713, 0.96608, 0.96684, 0.96671, 0.96707, 0.9672], "average_losses": [0.1909013135092599, 0.14023146664305608, 0.13106779107938007, 0.12563243812444258, 0.1219655066272434, 0.11946402011173111, 0.11697332637042415, 0.115400850848884, 0.11388657819859836, 0.11368041629998052, 0.11190140840350365, 0.11070890648632634, 0.10888263362706924, 0.10781698042944986, 0.10693893019033938, 0.10697190767648268, 0.10584836293544088, 0.10492942657093612, 0.10469502233424965, 0.10371382564914469, 0.10373537554120531, 0.10360190188702272, 0.10273702982432988, 0.10249723927402983, 0.10204141837905864, 0.10155174120956538, 0.10101039844508074, 0.10112711657979051, 0.10039849830221156, 0.10008428876801413, 0.09978456164197046, 0.09963666533633155, 0.09925793491455974, 0.0987536567358338, 0.09817790882471873, 0.09761812104558458, 0.09775930878763296, 0.09697800342525754, 0.09751682089907783, 0.0973244456156176, 0.09655189308889058, 0.09628208452949719, 0.09756030799935059, 0.0970361886584029, 0.09585535419838769, 0.0960769034465965, 0.09540144886289324, 0.09584259310243082, 0.09530578500458173, 0.09512738868290065]}