{"learning_rate": 0.001, "epochs": 30, "batch_size": 1024, "loss_fn": "CrossEntropyLoss", "optimizer": "Adam", "accuracies": [0.95334, 0.97909, 0.98224, 0.9827, 0.98284, 0.98365, 0.98421, 0.98436, 0.98484, 0.98476, 0.985, 0.98476, 0.98503, 0.98511, 0.98519, 0.98552, 0.98545, 0.98542, 0.98537, 0.985, 0.98525, 0.9855, 0.98534, 0.9854, 0.98624, 0.98626, 0.98579, 0.98621, 0.98628, 0.98633], "average_losses": [0.11513741109140065, 0.07149691784716382, 0.06104068754582989, 0.056809165001827845, 0.05270200956384746, 0.0507192743600023, 0.04888469531980096, 0.04792676923074284, 0.04736502882929481, 0.046420699631681245, 0.04606868581352185, 0.04604996446215985, 0.04605285943086658, 0.04553050475613195, 0.04592838607804508, 0.04487223678021407, 0.04464992331530975, 0.0443577130078053, 0.04439169373743388, 0.044108329701940625, 0.044551441464953274, 0.04314713048919731, 0.042942519014587205, 0.04279833102636799, 0.04262769277378613, 0.04297726529137212, 0.04289946824844394, 0.041860047005573095, 0.041945080367886294, 0.041897903557638734]}