{"learning_rate": 0.001, "epochs": 50, "batch_size": 32, "loss_fn": "CrossEntropyLoss", "optimizer": "Adam", "accuracies": [0.91003, 0.91703, 0.91965, 0.92007, 0.92131, 0.91816, 0.91933, 0.92353, 0.92093, 0.92396, 0.92384, 0.92362, 0.92288, 0.92553, 0.92512, 0.92461, 0.92556, 0.92516, 0.92306, 0.92542, 0.92756, 0.92602, 0.92687, 0.92502, 0.92673, 0.92772, 0.92773, 0.92802, 0.92613, 0.92748, 0.92703, 0.92663, 0.92761, 0.92842, 0.92735, 0.9259, 0.92848, 0.92772, 0.92823, 0.92766, 0.92713, 0.92778, 0.92813, 0.92719, 0.92703, 0.92552, 0.92853, 0.92855, 0.92669, 0.928], "average_losses": [0.21658506380736828, 0.20712418401777744, 0.2044178882563114, 0.2026349442130327, 0.20111894492149354, 0.2041758893507719, 0.20142357120811938, 0.19693565190136433, 0.19620739943802357, 0.19179128696084022, 0.1930556448638439, 0.19317091781795026, 0.1969965900272131, 0.1898085611408949, 0.19118322046518327, 0.1904894307166338, 0.1899417878675461, 0.1907569379734993, 0.1919536192792654, 0.1909881199425459, 0.18972070386230946, 0.18797599165916443, 0.18819433559775353, 0.18952067088991403, 0.1892306565475464, 0.18748137418448926, 0.18762961084663868, 0.18748150600254535, 0.18867883108258246, 0.18896580565094948, 0.18928780684947968, 0.18944245445489882, 0.1870664246237278, 0.18751429179131984, 0.18750475165784358, 0.18976468485355377, 0.18615150542676448, 0.18764991875588893, 0.18696264220774172, 0.18615377827644347, 0.18788078982651232, 0.18985956919670105, 0.18860419021904468, 0.1893042952179909, 0.18834717965006828, 0.18764684491813183, 0.18553496574997902, 0.18724270504057408, 0.18700423336803912, 0.18707942121744156]}