{"learning_rate": 0.001, "epochs": 50, "batch_size": 1024, "loss_fn": "CrossEntropyLoss", "optimizer": "Adam", "accuracies": [0.9655, 0.97155, 0.99588, 0.99576, 0.99598, 0.9961, 0.99618, 0.99625, 0.99631, 0.99639, 0.99636, 0.9965, 0.9965, 0.99658, 0.99661, 0.99657, 0.99659, 0.99662, 0.9966, 0.99649, 0.99639, 0.99655, 0.99645, 0.9963, 0.99642, 0.99666, 0.99677, 0.99664, 0.99683, 0.99683, 0.99685, 0.99703, 0.997, 0.9968, 0.99721, 0.99721, 0.99699, 0.9971, 0.99716, 0.99722, 0.99712, 0.99717, 0.99688, 0.99708, 0.99717, 0.99723, 0.9971, 0.9972, 0.99711, 0.99719], "average_losses": [0.07411696355105662, 0.05276709228601991, 0.020221832369891356, 0.017892857481326376, 0.016382563586004685, 0.015675877833890975, 0.014912938649233962, 0.014433380995630001, 0.014267961468490563, 0.013850767353112449, 0.013701195973541816, 0.01348640482007925, 0.013398073102841725, 0.013113735360093415, 0.012900417250086914, 0.012941940450014509, 0.012764409906706032, 0.012710486436547826, 0.012526496753039561, 0.012516576851414022, 0.012516369515725849, 0.012037692707963288, 0.011988284679281772, 0.012152210759398128, 0.011741310966258146, 0.011622153980448385, 0.011625766783848177, 0.01152891001892181, 0.01147349062138142, 0.011286799629618014, 0.011363749570517364, 0.011379056063727761, 0.011190029171209934, 0.011378303595476461, 0.01099920467882208, 0.011020050802249081, 0.011065936751891764, 0.010930262962166143, 0.010801278541757896, 0.010827596304101907, 0.011002746605485374, 0.010841128076616751, 0.01125133984332562, 0.010706139034686648, 0.010719025900768002, 0.01061207285668815, 0.010768385523245955, 0.010540730733310386, 0.010589957517590754, 0.010488923156767018]}