{"learning_rate": 0.001, "epochs": 50, "batch_size": 32, "loss_fn": "CrossEntropyLoss", "optimizer": "Adam", "accuracies": [0.94341, 0.94924, 0.94584, 0.95374, 0.95434, 0.95344, 0.95569, 0.95573, 0.95259, 0.95451, 0.95532, 0.95551, 0.9555, 0.95366, 0.9546, 0.95531, 0.95614, 0.95605, 0.95451, 0.95617, 0.95516, 0.95626, 0.95105, 0.95256, 0.95686, 0.95563, 0.95633, 0.95627, 0.95544, 0.95565, 0.95607, 0.95708, 0.95703, 0.95783, 0.95685, 0.9547, 0.95743, 0.95709, 0.95683, 0.95821, 0.95661, 0.95817, 0.95747, 0.95782, 0.95736, 0.95731, 0.95667, 0.95775, 0.95752, 0.95791], "average_losses": [0.14185178464263679, 0.13171798871636392, 0.13940255113273858, 0.13105923363655805, 0.12740261786580087, 0.12746815742865206, 0.12626818833962083, 0.12477125351145864, 0.12736856818407774, 0.12542951051577925, 0.12477399821296334, 0.12534318282842635, 0.12393906015440821, 0.1276500161832571, 0.12648630749180914, 0.12428701580360532, 0.12544948023885488, 0.1248934267435968, 0.12502201703250407, 0.1235097004416585, 0.1235832199306041, 0.12463750718981027, 0.12648842110186814, 0.13139376017078758, 0.12273616188794374, 0.12323329708188772, 0.12422221371248364, 0.12497932238906621, 0.12376041218042373, 0.12472277178734541, 0.12218155246257782, 0.1227118299870193, 0.12340461696326732, 0.12279267536595463, 0.12299163714975118, 0.12271083301827311, 0.1211027882707119, 0.12368793596312404, 0.12388141404181718, 0.12163187957838177, 0.12552279276669026, 0.1208342947998643, 0.12154766163945198, 0.12218499289780856, 0.12209485674127936, 0.12322314489215612, 0.1239884517404437, 0.12143372948333621, 0.12149808470413088, 0.1221592077332735]}