{"learning_rate": 0.001, "epochs": 50, "batch_size": 1024, "loss_fn": "CrossEntropyLoss", "optimizer": "Adam", "accuracies": [0.93376, 0.96208, 0.96549, 0.96719, 0.96816, 0.96908, 0.96969, 0.96983, 0.97038, 0.97108, 0.97199, 0.97279, 0.97216, 0.97329, 0.9735, 0.97379, 0.97386, 0.97367, 0.97392, 0.97381, 0.97391, 0.97396, 0.97386, 0.97411, 0.97406, 0.97386, 0.97366, 0.97397, 0.97479, 0.97391, 0.97414, 0.97441, 0.97429, 0.97435, 0.97429, 0.97441, 0.97474, 0.97404, 0.97503, 0.97469, 0.97442, 0.97449, 0.97456, 0.97483, 0.97483, 0.97506, 0.97491, 0.97437, 0.9745, 0.97487], "average_losses": [0.14628671748297556, 0.11636904520647866, 0.10724783521525715, 0.10249187341149972, 0.0985032599799487, 0.09546476937070185, 0.09310479378517793, 0.09067363432627551, 0.08925293940974742, 0.0882317060034494, 0.08762752359770999, 0.08578207739153687, 0.08457379944014307, 0.08375055840885152, 0.0829080832856042, 0.08201598098539577, 0.0813378527836532, 0.08144037478736468, 0.08040135068704887, 0.07948793349217395, 0.07932717014788365, 0.07868050590005456, 0.07851667660383546, 0.07729022128849614, 0.07705984249406932, 0.07750280174825873, 0.0765431821346283, 0.0759108580876978, 0.07581324434402037, 0.07579311599232713, 0.07532643055429264, 0.07507743960132404, 0.07461610447843464, 0.07465123947785825, 0.07478004469707304, 0.07382314876482195, 0.07460136266843397, 0.07461383946392001, 0.07382257864335362, 0.07306975681258708, 0.07325652367150297, 0.07407397453730204, 0.07321409478175397, 0.07313379744181828, 0.07331994628267628, 0.072752250282436, 0.07268420527023929, 0.07449826761624034, 0.07247435282535698, 0.07260390192422332]}