{"learning_rate": 0.001, "epochs": 50, "batch_size": 32, "loss_fn": "CrossEntropyLoss", "optimizer": "Adam", "accuracies": [0.95325, 0.95596, 0.96424, 0.96503, 0.96427, 0.96452, 0.96572, 0.96557, 0.9654, 0.96696, 0.96582, 0.96684, 0.96546, 0.96587, 0.96669, 0.96696, 0.96667, 0.96703, 0.96692, 0.96659, 0.96578, 0.96742, 0.96755, 0.96685, 0.96751, 0.96772, 0.96662, 0.96757, 0.96772, 0.96701, 0.96718, 0.96691, 0.96797, 0.96718, 0.96755, 0.96746, 0.96816, 0.96704, 0.96707, 0.96698, 0.96796, 0.96543, 0.96732, 0.9681, 0.96791, 0.96772, 0.96746, 0.9676, 0.96815, 0.9674], "average_losses": [0.1204962305510044, 0.11473141195997595, 0.10501032051384449, 0.10253985929876566, 0.10410701044224202, 0.10194771453976631, 0.09736521869197488, 0.09750121758542955, 0.09759361908733845, 0.09717456335812807, 0.09815869790792466, 0.09529364694543183, 0.0955928641705215, 0.09610589115045964, 0.095086820653826, 0.09422512757211923, 0.0960601706930995, 0.09422463795661926, 0.09535621953345835, 0.09625567987568677, 0.09640577838152647, 0.09284836344435811, 0.09327702136188745, 0.09323414263486862, 0.09273665509961546, 0.09278259770035743, 0.0939875372877717, 0.09325666675925255, 0.09305620925948024, 0.09428932975187898, 0.0920468935585022, 0.09369441434375941, 0.09185563337996602, 0.09326001879163086, 0.09153394846610725, 0.09253202231958509, 0.0915610362623632, 0.09333295613884926, 0.09289391702085734, 0.09254584526866674, 0.09279573393993079, 0.09485101605325938, 0.09219623862937093, 0.09203320926010608, 0.09101353231817484, 0.0931164097070694, 0.09338201299324632, 0.09185591662466526, 0.09221201255321503, 0.09171718752339482]}