{"learning_rate": 0.001, "epochs": 50, "batch_size": 1024, "loss_fn": "CrossEntropyLoss", "optimizer": "Adam", "accuracies": [0.92884, 0.96782, 0.97019, 0.97164, 0.97228, 0.97297, 0.97345, 0.97425, 0.97388, 0.9742, 0.97514, 0.97543, 0.97505, 0.97522, 0.97552, 0.97583, 0.97614, 0.9765, 0.97642, 0.9761, 0.97625, 0.97676, 0.97686, 0.97662, 0.97685, 0.97683, 0.97742, 0.9769, 0.977, 0.97723, 0.97743, 0.97704, 0.97708, 0.97753, 0.97743, 0.97733, 0.97755, 0.97743, 0.97751, 0.97757, 0.9774, 0.97745, 0.97753, 0.97746, 0.97778, 0.97764, 0.97781, 0.97781, 0.97785, 0.97762], "average_losses": [0.15238723189246897, 0.10864686015613224, 0.09139872463990231, 0.08469491474786583, 0.08122612452324555, 0.07959466051234275, 0.07882447989315403, 0.07650284377896056, 0.07590440630304571, 0.07474029296058782, 0.0741088867415579, 0.07352189320538725, 0.07307300754651731, 0.0731253098620444, 0.07252565421620194, 0.07261842580474152, 0.07145175413817775, 0.07122720591723919, 0.07085427516425143, 0.07139542938343116, 0.07071256778221957, 0.06952328846922942, 0.0691783275569276, 0.0711047577158529, 0.06892415793726639, 0.06937190468366049, 0.06870347497110464, 0.06860642397434127, 0.06834761167363244, 0.06786097532936505, 0.06801699626506591, 0.06855689814048153, 0.06838336849243057, 0.06761896416392861, 0.06763453215208588, 0.06730926610833528, 0.06730730767000695, 0.06811561218785997, 0.06714199893936819, 0.06751996856562946, 0.0672657344566316, 0.06719577285860266, 0.06699504881945191, 0.06728969981931911, 0.06679192269030883, 0.06693840809926695, 0.06658494715787927, 0.06656302762578944, 0.06674705191078234, 0.0665873755529827]}