{"learning_rate": 0.001, "epochs": 50, "batch_size": 1024, "loss_fn": "CrossEntropyLoss", "optimizer": "Adam", "accuracies": [0.96681, 0.98176, 0.9823, 0.98306, 0.98449, 0.98441, 0.98533, 0.98561, 0.98567, 0.98544, 0.98579, 0.98586, 0.98623, 0.98645, 0.98633, 0.98619, 0.98651, 0.98687, 0.98645, 0.98634, 0.98641, 0.98699, 0.98645, 0.98687, 0.98645, 0.98675, 0.9869, 0.9868, 0.98699, 0.98733, 0.98687, 0.98732, 0.98702, 0.98711, 0.98729, 0.9873, 0.98712, 0.98757, 0.98745, 0.98758, 0.98739, 0.98737, 0.98732, 0.98717, 0.98755, 0.98743, 0.98754, 0.98727, 0.98758, 0.98721], "average_losses": [0.09172258564099973, 0.06608314435853034, 0.059077980719050585, 0.05353759613116177, 0.04896999844254888, 0.04859091193244165, 0.04681746762397946, 0.046019892968541504, 0.04562645354213155, 0.045217919182412476, 0.04504700807132283, 0.04477074968495539, 0.04514004451659869, 0.04437594623209871, 0.04391683896585387, 0.04380848967679301, 0.04348130628694685, 0.04337190114417855, 0.043389457468019456, 0.04344578338216762, 0.0428342126613977, 0.04359419033767618, 0.04276479558296958, 0.04247857788007478, 0.04261179313975937, 0.04234106386346476, 0.04219508642444805, 0.042119899175452946, 0.04213762471490368, 0.04214610592747221, 0.042810121684202125, 0.04170200968047186, 0.041540383076181214, 0.04165852636250914, 0.04153465272440594, 0.041289519480600646, 0.04158953442333304, 0.041453653737446486, 0.04111171468180053, 0.04100221268148446, 0.041391608162726065, 0.041774214834583046, 0.04168080175485538, 0.04070691249276302, 0.04084253231329577, 0.04089089562850339, 0.040839572855252394, 0.04086505667287476, 0.04064353583950778, 0.0414995400957307]}