{"learning_rate": 0.001, "epochs": 50, "batch_size": 32, "loss_fn": "CrossEntropyLoss", "optimizer": "Adam", "accuracies": [0.93449, 0.94096, 0.94058, 0.94062, 0.94122, 0.94236, 0.94088, 0.94203, 0.94134, 0.94273, 0.94331, 0.94143, 0.94273, 0.94157, 0.94211, 0.94342, 0.94415, 0.94183, 0.94338, 0.94318, 0.94266, 0.94311, 0.94256, 0.94302, 0.94327, 0.94262, 0.94364, 0.94441, 0.94443, 0.9436, 0.94442, 0.94382, 0.94456, 0.94524, 0.94497, 0.94283, 0.94463, 0.94492, 0.94437, 0.94358, 0.94501, 0.94429, 0.94475, 0.94502, 0.94181, 0.94549, 0.94381, 0.94509, 0.94422, 0.94544], "average_losses": [0.17290435434103013, 0.16015479414105416, 0.15953763285726308, 0.1574909794256091, 0.15595939498782158, 0.15593271946132184, 0.15792240262925625, 0.1560578968131542, 0.1550987395660579, 0.15373783744573594, 0.15357148331165313, 0.15492954052358865, 0.15390960144758226, 0.15465875140964985, 0.15328205496013164, 0.1526770835673809, 0.15236964707046746, 0.15613178518384696, 0.15088267437756062, 0.15327437093377114, 0.15337854221656919, 0.15040264653235674, 0.15150116072893144, 0.1512011456528306, 0.15213853255808354, 0.1502107220196724, 0.15032051376879216, 0.14997571604311466, 0.14997311534643173, 0.14953597886651754, 0.15124914393007755, 0.15043386296093464, 0.1491779940199852, 0.15012134567439556, 0.14883364303916694, 0.15227925836354494, 0.1511681793141365, 0.14853290605306627, 0.14848929439485073, 0.14994293947577478, 0.14856904965132475, 0.15237367107748986, 0.14909202210724354, 0.14999038715660573, 0.15286693811059, 0.14945716282695531, 0.15056933388888835, 0.1500598762911558, 0.14969483090639116, 0.14928406851649284]}