{"learning_rate": 0.001, "epochs": 30, "batch_size": 1024, "loss_fn": "CrossEntropyLoss", "optimizer": "Adam", "accuracies": [0.95418, 0.95772, 0.95832, 0.96104, 0.96362, 0.96451, 0.96523, 0.96617, 0.96679, 0.96691, 0.96665, 0.96707, 0.9672, 0.96786, 0.96724, 0.96741, 0.96738, 0.96803, 0.96853, 0.96764, 0.96783, 0.96842, 0.96808, 0.96827, 0.96814, 0.9688, 0.96836, 0.96869, 0.96871, 0.96893], "average_losses": [0.1531726508876499, 0.1269890674370892, 0.11682640761137009, 0.11014484150373206, 0.10741900660249652, 0.10298124449897786, 0.10241967173559326, 0.1006580905190536, 0.10019866369512616, 0.0993165275728216, 0.0985945297443137, 0.09730703094784095, 0.0967417122149954, 0.09674639376450558, 0.09530167855626466, 0.09484365597671392, 0.0954587280142064, 0.09366333940807654, 0.09296497831843337, 0.09333722757137551, 0.09268102232290774, 0.091994011508567, 0.09223612565167096, 0.09190744298453234, 0.09217831218729214, 0.0917422171606093, 0.09144016651778805, 0.09127652040701739, 0.0909935031466338, 0.09077830559441022]}