{"learning_rate": 0.001, "epochs": 50, "batch_size": 32, "loss_fn": "CrossEntropyLoss", "optimizer": "Adam", "accuracies": [0.99663, 0.99672, 0.99704, 0.99727, 0.99716, 0.99725, 0.99737, 0.99729, 0.99718, 0.9974, 0.99732, 0.99747, 0.99722, 0.99717, 0.99709, 0.99761, 0.99751, 0.99743, 0.99757, 0.99757, 0.99755, 0.9973, 0.99752, 0.99739, 0.99756, 0.99745, 0.99751, 0.99745, 0.99743, 0.99744, 0.99754, 0.99745, 0.99754, 0.99734, 0.99753, 0.99755, 0.99749, 0.99748, 0.99734, 0.99743, 0.99757, 0.99754, 0.9974, 0.99741, 0.99722, 0.99735, 0.99759, 0.99749, 0.99752, 0.99744], "average_losses": [0.013226673086323136, 0.011428968726540915, 0.010784207538979827, 0.010114306636406691, 0.01017925990174408, 0.00978944084025803, 0.00970208919422148, 0.010215950189675204, 0.010747645078811038, 0.009474760382304666, 0.009463078328883857, 0.009425833755328785, 0.010792195918668276, 0.00995986747473944, 0.00995572043625958, 0.009730739273978398, 0.009176051244735717, 0.009354800489312328, 0.009263725937963463, 0.00919278909993358, 0.00954140535469618, 0.009391768921347684, 0.009544209618452296, 0.00974225158028974, 0.00922856987459818, 0.009749367003652152, 0.009503328450376648, 0.009359022148716976, 0.009344546912818186, 0.009314144356924807, 0.009372944698967803, 0.01010512801208255, 0.009489490648987704, 0.01000511916398449, 0.009362351943249815, 0.009410406679221378, 0.009680351016767673, 0.009238669255769928, 0.009531469676619308, 0.009586797578478582, 0.009087003423901915, 0.009393912366235163, 0.00932590696313091, 0.009133697993486421, 0.009540391808807617, 0.009486230048944708, 0.009521942326537391, 0.009355790576518048, 0.009333153695633372, 0.009975698626164122]}