{"learning_rate": 0.001, "epochs": 50, "batch_size": 32, "loss_fn": "CrossEntropyLoss", "optimizer": "Adam", "accuracies": [0.95986, 0.96141, 0.96119, 0.96138, 0.96185, 0.96327, 0.96277, 0.96294, 0.96412, 0.96375, 0.96424, 0.96412, 0.96418, 0.96289, 0.96536, 0.96506, 0.96543, 0.96506, 0.96501, 0.96497, 0.96478, 0.96497, 0.96571, 0.96554, 0.96561, 0.96581, 0.96585, 0.96521, 0.9642, 0.96518, 0.96621, 0.96496, 0.96543, 0.96471, 0.96529, 0.9653, 0.96545, 0.96542, 0.96468, 0.96441, 0.96565, 0.9659, 0.96538, 0.96533, 0.96511, 0.96418, 0.96616, 0.96447, 0.96538, 0.96557], "average_losses": [0.11416605737581849, 0.10932129612475634, 0.10699776383966207, 0.10698923163242638, 0.10513743270754815, 0.1032813784275949, 0.10208358009904624, 0.10204500351563096, 0.09999236710548401, 0.10017717077255249, 0.10061577516764403, 0.10014399530448019, 0.10006492605477571, 0.10163282833486795, 0.0996177201719582, 0.09865806966796517, 0.09998886960327626, 0.09884491448611021, 0.09915641904056072, 0.0994953808119893, 0.0999732976359129, 0.09783621481135488, 0.09870743158884346, 0.09790176538519561, 0.10158318717271089, 0.09802881598770619, 0.09816699138328433, 0.09810243734925986, 0.09926429020255804, 0.0991219012452662, 0.0971169816583395, 0.10067937883242965, 0.10058047822296619, 0.0985455162909627, 0.0974665243831277, 0.09822944165512919, 0.09856068644419312, 0.09787306693077087, 0.09942518307432532, 0.09971459767088293, 0.09753672444403172, 0.09725637468278409, 0.09715800894975662, 0.09776648648321629, 0.09986587528005242, 0.10035238017261028, 0.09727909509837628, 0.09781967140734196, 0.0981338802036643, 0.09923405894845724]}