{"learning_rate": 0.001, "epochs": 30, "batch_size": 1024, "loss_fn": "CrossEntropyLoss", "optimizer": "Adam", "accuracies": [0.90898, 0.93579, 0.94099, 0.94391, 0.94583, 0.94687, 0.95018, 0.95079, 0.95076, 0.95208, 0.95234, 0.95285, 0.95246, 0.95344, 0.95404, 0.95427, 0.95429, 0.95423, 0.95434, 0.95385, 0.95506, 0.95359, 0.95404, 0.95446, 0.95444, 0.95462, 0.95327, 0.95421, 0.95494, 0.95414], "average_losses": [0.21447958477905818, 0.1689596898397621, 0.1523360876860667, 0.1456753345472472, 0.1414492106711378, 0.1404407395392048, 0.13641896448573287, 0.13474494553342156, 0.13369347071465182, 0.1317572715331097, 0.13180969313395266, 0.12996209412813187, 0.12993751823598024, 0.12969714403152466, 0.12846189341983016, 0.12837762203143568, 0.1275772664467899, 0.12734608329376396, 0.12664178979336, 0.12666823540110977, 0.12599152417815462, 0.1258521611441155, 0.1251822613483789, 0.12526180123796268, 0.12474491264747113, 0.12453346585436743, 0.12512877218577326, 0.12410275949811449, 0.12390227904733346, 0.1272262359912298]}