{"learning_rate": 0.001, "epochs": 50, "batch_size": 1024, "loss_fn": "CrossEntropyLoss", "optimizer": "Adam", "accuracies": [0.92787, 0.94431, 0.94752, 0.9493, 0.95157, 0.95455, 0.95613, 0.95761, 0.95687, 0.95788, 0.95865, 0.95987, 0.95978, 0.9601, 0.96069, 0.96143, 0.96113, 0.96196, 0.96232, 0.9622, 0.96286, 0.963, 0.96266, 0.96382, 0.96275, 0.96337, 0.9635, 0.96361, 0.96291, 0.96414, 0.96381, 0.96387, 0.9638, 0.96447, 0.96434, 0.96493, 0.96383, 0.9646, 0.96419, 0.96448, 0.96434, 0.9642, 0.96484, 0.96512, 0.96493, 0.96436, 0.96463, 0.96479, 0.96458, 0.96464], "average_losses": [0.19247180892496693, 0.1579964066646537, 0.1476701949628032, 0.13779292787824357, 0.1308940402707275, 0.12677339403604976, 0.12239916858320334, 0.12052114391509368, 0.11900061361339627, 0.11714319200540076, 0.11591753827369942, 0.11455859312293482, 0.11318962777755698, 0.11203197313814747, 0.11119719290611696, 0.11034753264821305, 0.1094912912468521, 0.10918865185611103, 0.108690259484004, 0.10845669526226666, 0.10797959011124104, 0.10856701889816596, 0.10756899454459852, 0.10772271203447362, 0.10813607936915086, 0.10673332967016162, 0.10671923651683088, 0.10621276345788216, 0.10660680440463582, 0.10621969067320532, 0.10535129425781113, 0.10547016150489145, 0.10492514864522584, 0.10490815797630622, 0.10473598570239787, 0.10467144869724099, 0.10526459610887937, 0.10416205782367259, 0.10415165658508029, 0.10400656146966682, 0.10353742403035261, 0.10380872833181401, 0.10366016497113267, 0.10313891748688658, 0.10308835875927186, 0.10349708582673754, 0.10257617376592694, 0.10242957127641658, 0.10305466533315424, 0.10279254987835884]}