{"learning_rate": 0.001, "epochs": 50, "batch_size": 1024, "loss_fn": "CrossEntropyLoss", "optimizer": "Adam", "accuracies": [0.96557, 0.99246, 0.9943, 0.99501, 0.99521, 0.99532, 0.99538, 0.99572, 0.99554, 0.9957, 0.99571, 0.9956, 0.9957, 0.99583, 0.99595, 0.99589, 0.99578, 0.99577, 0.99585, 0.99589, 0.99593, 0.99591, 0.99595, 0.99599, 0.99599, 0.99585, 0.99592, 0.99619, 0.99615, 0.99604, 0.99624, 0.99621, 0.99623, 0.9963, 0.99625, 0.99602, 0.99619, 0.9964, 0.99624, 0.99635, 0.99639, 0.99634, 0.99635, 0.99629, 0.99619, 0.99638, 0.99629, 0.99629, 0.9964, 0.99636], "average_losses": [0.06908976073775973, 0.036068281824035306, 0.02618494031152555, 0.022895754771117046, 0.021144408799175705, 0.019943965884039596, 0.019232236019962906, 0.01854058600990672, 0.017933188885336324, 0.017265342123692438, 0.01665185490737156, 0.016322145932259, 0.015673521635293657, 0.015514142640239122, 0.015493288593442768, 0.01499743284705114, 0.015132416481608334, 0.0149287692727331, 0.014492624330011254, 0.014051760915115627, 0.014049506370852493, 0.01373124858174397, 0.013624244569135564, 0.013380645646010431, 0.013340523212254807, 0.013766958249960931, 0.013305091852683346, 0.013221167479356637, 0.013194950672854878, 0.013145091263957473, 0.01293514193776919, 0.012897058663300561, 0.013146640122297923, 0.013155437564021167, 0.012930129124897018, 0.013011189631414505, 0.012787923202564826, 0.012642858119928563, 0.012771201154872852, 0.013071930043076222, 0.0124730252190398, 0.012494503522804958, 0.01253237504493065, 0.01232006113349023, 0.012373483036549724, 0.012584289326807675, 0.012656613048736234, 0.012319225321371793, 0.012421920907455591, 0.01235192578656561]}