{"learning_rate": 0.001, "epochs": 50, "batch_size": 32, "loss_fn": "CrossEntropyLoss", "optimizer": "Adam", "accuracies": [0.98351, 0.98583, 0.98603, 0.98686, 0.98717, 0.98767, 0.9871, 0.98783, 0.98805, 0.98825, 0.98819, 0.98751, 0.98762, 0.98719, 0.98771, 0.98822, 0.98781, 0.98754, 0.98784, 0.9858, 0.98797, 0.98839, 0.9879, 0.98819, 0.98772, 0.98833, 0.98871, 0.98832, 0.98799, 0.98769, 0.9886, 0.9885, 0.9881, 0.98875, 0.98865, 0.98857, 0.98798, 0.98809, 0.98887, 0.98844, 0.98815, 0.98791, 0.98844, 0.98847, 0.98895, 0.98847, 0.98767, 0.98843, 0.9885, 0.98768], "average_losses": [0.051307606417881325, 0.04417091278322041, 0.043936214439533654, 0.04271716751394793, 0.04094946639755741, 0.03939967282159254, 0.039252627732586115, 0.038949322640374304, 0.03841387176537886, 0.03860239398594946, 0.038378379896525296, 0.039702004357557746, 0.038678721567634494, 0.04085551795983687, 0.03907387191755697, 0.0382939325235039, 0.03834157501202077, 0.03909726636204869, 0.03866745732935146, 0.04390452736161649, 0.03778398329464719, 0.03729109392888844, 0.038656241023615, 0.04000588892614469, 0.03929781413156539, 0.03763568452162668, 0.03762354276727885, 0.03816348085215315, 0.03811680712176487, 0.041359901663661006, 0.03888922939226031, 0.03745734906077385, 0.038941064770915544, 0.036893375746943055, 0.037321839850209655, 0.037291975731197746, 0.039440457408835644, 0.038643745790366085, 0.03735570536255837, 0.038101494130329226, 0.03798432977143675, 0.03859357700093649, 0.03724925969848409, 0.03763916291125119, 0.03702577494023368, 0.03688570767348632, 0.039182986520379784, 0.03816328210312407, 0.037223340971022846, 0.04010238021397963]}