{"learning_rate": 0.001, "epochs": 10, "batch_size": 32, "loss_fn": "CrossEntropyLoss", "optimizer": "AnalogOptimizerAdam", "accuracies": [0.92241, 0.92195, 0.92151, 0.92179, 0.92366, 0.92531, 0.92516, 0.92381, 0.92385, 0.92387, 0.92458, 0.92448, 0.92485, 0.92515, 0.92391, 0.92462, 0.9229, 0.92517, 0.92345, 0.92526, 0.92523, 0.92343, 0.92594, 0.92488, 0.92449, 0.92402, 0.92549, 0.92471, 0.92605, 0.92558, 0.92526, 0.92561, 0.92559, 0.92491, 0.92549, 0.92428, 0.92443, 0.92596, 0.92453, 0.92368], "average_losses": [0.19979730779647828, 0.1969404159337282, 0.1965635948884487, 0.1970773508876562, 0.195256066532135, 0.19360015903294087, 0.19777033984929324, 0.1951208931463957, 0.19496114289760588, 0.19399466697275639, 0.1931233545988798, 0.19489290558218955, 0.19749594118475913, 0.1933965267187357, 0.19468531750202178, 0.19166053137123584, 0.19634852183043958, 0.1930983858036995, 0.19444976720035076, 0.1924626545083523, 0.19610462713122367, 0.19335894535005094, 0.192743338175416, 0.1953747911477089, 0.19301200051784514, 0.19477281968712806, 0.19294849504709244, 0.19321613557040693, 0.19255395387351512, 0.1917630666267872, 0.19345485682845115, 0.1922836970549822, 0.19533357858717443, 0.19259164411425592, 0.19322898010611533, 0.1948769798207283, 0.1963142174232006, 0.19298890643835068, 0.19573430097341538, 0.19133139132916926]}