{"learning_rate": 0.001, "epochs": 10, "batch_size": 32, "loss_fn": "CrossEntropyLoss", "optimizer": "AnalogOptimizerAdam", "accuracies": [0.92691, 0.92921, 0.93163, 0.93105, 0.93263, 0.93625, 0.9324, 0.93459, 0.93312, 0.93487, 0.93525, 0.93694, 0.93629, 0.93714, 0.93765, 0.93633, 0.93635, 0.9371, 0.93727, 0.93851, 0.93724, 0.93794, 0.93844, 0.93877, 0.93736, 0.9374, 0.93954, 0.9384, 0.93811, 0.93953, 0.93828, 0.93965, 0.93896, 0.93916, 0.93812, 0.93856, 0.93933, 0.93639, 0.93925, 0.93761], "average_losses": [0.1862654566127062, 0.18017019662499428, 0.17740623247921466, 0.17668303885877132, 0.17512774310469628, 0.17478561236143111, 0.1750848727801442, 0.1716043829908967, 0.17243864794313907, 0.17348124284788966, 0.17200626999020577, 0.17124281896948815, 0.17033857979774475, 0.16971258047223092, 0.16846990800648928, 0.16945681753993033, 0.1693501301267743, 0.1685514681953192, 0.16861841075003148, 0.166725248554945, 0.16691640412151815, 0.16642806910812855, 0.16708265531361102, 0.16673280879110097, 0.16614016364634038, 0.16555330648899078, 0.16456876592814923, 0.16480629303246735, 0.16520154195785522, 0.16440119722902774, 0.16549579237908124, 0.1636236709100008, 0.16504231372505426, 0.16461352299809456, 0.16339630837976932, 0.16474662176430224, 0.16394639446794987, 0.16752292233794927, 0.16872037888526917, 0.1645382297706604]}