{"learning_rate": 0.001, "epochs": 10, "batch_size": 32, "loss_fn": "CrossEntropyLoss", "optimizer": "AnalogOptimizerAdam", "accuracies": [0.92468, 0.92563, 0.92534, 0.92647, 0.92601, 0.92714, 0.92654, 0.92754, 0.927, 0.92602, 0.92658, 0.92718, 0.9246, 0.92525, 0.92551, 0.92694, 0.92614, 0.9255, 0.92654, 0.92741, 0.92696, 0.92704, 0.92665, 0.92518, 0.9274, 0.92468, 0.92485, 0.92692, 0.92756, 0.92643, 0.92754, 0.92687, 0.92662, 0.92657, 0.92618, 0.92612, 0.92835, 0.92625, 0.92678, 0.92646], "average_losses": [0.1918319867569208, 0.1917247726738453, 0.19029127645850183, 0.19056300154924394, 0.19224776701271534, 0.19152740397930146, 0.19017383684277533, 0.18908332629799843, 0.1910428427505493, 0.19009610865414142, 0.1901299747747183, 0.19035289628624916, 0.19163500956118107, 0.18994300410985945, 0.1926238549488783, 0.1888335783791542, 0.19033242421507834, 0.19208135742723942, 0.19020955935895442, 0.1910253974854946, 0.18832955340147017, 0.19017787652790547, 0.1898080929619074, 0.19089573667526244, 0.18924621797680855, 0.19230379521131516, 0.1916907424110174, 0.18974746089994907, 0.1892233094519377, 0.18911728787839413, 0.18880081957340242, 0.19284549147069455, 0.18994094595730304, 0.1896979257029295, 0.1917117814218998, 0.19265077451884746, 0.18996109703958033, 0.19144115451991559, 0.18986219810068608, 0.19099040314018725]}