{"learning_rate": 0.001, "epochs": 10, "batch_size": 32, "loss_fn": "CrossEntropyLoss", "optimizer": "AnalogOptimizerAdam", "accuracies": [0.98051, 0.98132, 0.98372, 0.98489, 0.98453, 0.98455, 0.98523, 0.98505, 0.98552, 0.98474, 0.98577, 0.98529, 0.98463, 0.9852, 0.9866, 0.98552, 0.9853, 0.98572, 0.98583, 0.98564, 0.98535, 0.98558, 0.98559, 0.98623, 0.98692, 0.98606, 0.98581, 0.98523, 0.9865, 0.98604, 0.98593, 0.98627, 0.98623, 0.98628, 0.98587, 0.98638, 0.98631, 0.98624, 0.98523, 0.98645], "average_losses": [0.061706453426331284, 0.05678685164939612, 0.05288735259326175, 0.05047815051670186, 0.04928019949696958, 0.04998884952960536, 0.04827180961880833, 0.048011820272542534, 0.047780529794618484, 0.04745798007447272, 0.045656248009474945, 0.04661464849639684, 0.047027410492263735, 0.045960563526302574, 0.045677509550489485, 0.04566174022516236, 0.045164770136694427, 0.04486170602872968, 0.04541724849828519, 0.04544991568181664, 0.04540579917667434, 0.04536836131706834, 0.04568114129186608, 0.044691817038152365, 0.04273088606191799, 0.04369419460957753, 0.04360613067401573, 0.047527145399963486, 0.043252721823528406, 0.04457345549806953, 0.043597460777480154, 0.043514627234679644, 0.04446056875614449, 0.044322382451090964, 0.04386514910902828, 0.04378858193354215, 0.04278839303307235, 0.04415996689838357, 0.04507047462079674, 0.04247802496007644]}