{"learning_rate": 0.001, "epochs": 10, "batch_size": 32, "loss_fn": "CrossEntropyLoss", "optimizer": "AnalogOptimizerAdam", "accuracies": [0.92245, 0.92365, 0.92486, 0.92443, 0.92443, 0.92494, 0.92483, 0.92511, 0.92529, 0.92444, 0.92588, 0.92426, 0.92705, 0.92515, 0.92374, 0.92684, 0.92436, 0.92488, 0.92467, 0.92531, 0.92525, 0.92581, 0.92323, 0.92516, 0.9257, 0.92407, 0.92284, 0.92721, 0.92653, 0.92788, 0.92373, 0.92395, 0.92548, 0.92651, 0.92631, 0.92627, 0.92637, 0.9262, 0.92636, 0.92698], "average_losses": [0.19653568161189555, 0.19675178348720074, 0.19306928121149539, 0.19640307136952878, 0.19593658432900907, 0.19210720092475414, 0.1937084682136774, 0.1923250855755806, 0.19283695667028428, 0.19101727614820002, 0.19272032425165175, 0.19463917728662491, 0.19262202549636365, 0.19247810847580432, 0.19262143512487412, 0.19111390591561794, 0.19272563624739647, 0.19297707731068134, 0.1914687398058176, 0.19031572276592254, 0.19397167519927025, 0.19192378492474557, 0.19357612460494042, 0.19168377109646798, 0.19161511299073697, 0.1918605558767915, 0.19612299196362495, 0.19098567825198173, 0.19006118762791158, 0.19074154774844645, 0.19164683873534202, 0.1921709357088804, 0.19001046701192856, 0.19056463609933852, 0.1901550728994608, 0.19209878717124462, 0.19040646632254124, 0.19001811222016812, 0.19115400080502032, 0.1904781727999449]}