{"learning_rate": 0.001, "epochs": 10, "batch_size": 32, "loss_fn": "CrossEntropyLoss", "optimizer": "AnalogOptimizerAdam", "accuracies": [0.92393, 0.92641, 0.92636, 0.92392, 0.92478, 0.92631, 0.92552, 0.92498, 0.92619, 0.92712, 0.92682, 0.92524, 0.9267, 0.92548, 0.92735, 0.92645, 0.92735, 0.92725, 0.92593, 0.92642, 0.92693, 0.92387, 0.9256, 0.92642, 0.92606, 0.92546, 0.92439, 0.92706, 0.92562, 0.92636, 0.92542, 0.92585, 0.92414, 0.92653, 0.92675, 0.92476, 0.92567, 0.92572, 0.92716, 0.9266], "average_losses": [0.1927945030593872, 0.19023711138367652, 0.1900037917727232, 0.1924130305480957, 0.19156649132728576, 0.1888184783023596, 0.19234770954430103, 0.19006684805512428, 0.19108079526126384, 0.1899912462925911, 0.18939153161585331, 0.19209542196393012, 0.19294904443085192, 0.19116560091495513, 0.18992150258779525, 0.19075072882592678, 0.18960162504136563, 0.1900676028585434, 0.1925931354406476, 0.190249832803607, 0.19090212548315524, 0.19401429758489133, 0.19378056256890297, 0.18997943755567073, 0.19135106703400612, 0.1912880931067467, 0.19125525673508645, 0.19087183659493923, 0.19007014831483365, 0.19133385855972768, 0.19068146985828877, 0.1906381533229351, 0.1919288191384077, 0.19091720413208008, 0.19132609910726547, 0.19154436239361763, 0.18956395337224008, 0.19227359563797713, 0.18886392385065556, 0.18979382712185383]}