{"learning_rate": 0.001, "epochs": 10, "batch_size": 32, "loss_fn": "CrossEntropyLoss", "optimizer": "AnalogOptimizerAdam", "accuracies": [0.92451, 0.92402, 0.9256, 0.92547, 0.92511, 0.92457, 0.92733, 0.92701, 0.92544, 0.92664, 0.92734, 0.92676, 0.92598, 0.92744, 0.92682, 0.92674, 0.92679, 0.92677, 0.92602, 0.92661, 0.92683, 0.92712, 0.92701, 0.92642, 0.92504, 0.92609, 0.92736, 0.92641, 0.92742, 0.92756, 0.92744, 0.92676, 0.92651, 0.92735, 0.92638, 0.92668, 0.9268, 0.92744, 0.92602, 0.92576], "average_losses": [0.1982429190582037, 0.1935209090268612, 0.19536651763796806, 0.19378622036099433, 0.19442631981909275, 0.19498763503372668, 0.19130880516380072, 0.19123050797522068, 0.19419017156481744, 0.18983318310141564, 0.19049890730798244, 0.19224519586920738, 0.19323835218906402, 0.19162359067559243, 0.1900237967389822, 0.19350566234230995, 0.19116753069221973, 0.1917391087603569, 0.19271005130648614, 0.19094442167818546, 0.19068968990564347, 0.19120650297760963, 0.1913408144378662, 0.19182227359950543, 0.1943008534732461, 0.1918356613558531, 0.1914442607843876, 0.1927070941966772, 0.19029688916027546, 0.1911765417164564, 0.19166309918284416, 0.19267095878064633, 0.1935273151254654, 0.19216853912174703, 0.19257392723083497, 0.19020163040578367, 0.19072671988904477, 0.19140553145885467, 0.19453069475769996, 0.194518735473752]}