{"learning_rate": 0.001, "epochs": 10, "batch_size": 32, "loss_fn": "CrossEntropyLoss", "optimizer": "AnalogOptimizerAdam", "accuracies": [0.90936, 0.91328, 0.91509, 0.91416, 0.91591, 0.91435, 0.91516, 0.91742, 0.91777, 0.91924, 0.91818, 0.9187, 0.92044, 0.91881, 0.9209, 0.91874, 0.92037, 0.92019, 0.91886, 0.91857, 0.91928, 0.91737, 0.92016, 0.91935, 0.91542, 0.91915, 0.92007, 0.92006, 0.91914, 0.92079, 0.92107, 0.91467, 0.91903, 0.9183, 0.92007, 0.91839, 0.91924, 0.92029, 0.92119, 0.91985], "average_losses": [0.2292638626885414, 0.21902387345433236, 0.21779420538544655, 0.21403482927501202, 0.2146207609331608, 0.2103426795077324, 0.2125155428940058, 0.20723332836091518, 0.20845873335063458, 0.2090593855983019, 0.20755245877623557, 0.20662381708562375, 0.20797057901203633, 0.20715771324038507, 0.20821989857673645, 0.20956353929936886, 0.20735833993971348, 0.2072369609028101, 0.20571413943111896, 0.2072582657980919, 0.208504977080822, 0.20653453936576843, 0.20900609834015368, 0.20516147705078125, 0.20893812513232232, 0.2069524788349867, 0.20778047023534774, 0.2057544211769104, 0.20780695745885372, 0.20638765065729617, 0.20440324445188046, 0.21232917145252228, 0.2042242510420084, 0.20443349268078803, 0.20415089394032956, 0.20535503665924074, 0.20680874561667442, 0.20708922168135643, 0.2041379123479128, 0.20566481131732464]}