{"learning_rate": 0.001, "epochs": 10, "batch_size": 32, "loss_fn": "CrossEntropyLoss", "optimizer": "AnalogOptimizerAdam", "accuracies": [0.95228, 0.95658, 0.95804, 0.95847, 0.96066, 0.96123, 0.96229, 0.96043, 0.96071, 0.96203, 0.96299, 0.96256, 0.96212, 0.96116, 0.96305, 0.96307, 0.96259, 0.96246, 0.96202, 0.96408, 0.96325, 0.96219, 0.96436, 0.96385, 0.96473, 0.96466, 0.96374, 0.96355, 0.96192, 0.96383, 0.96424, 0.96364, 0.96319, 0.96328, 0.96409, 0.96454, 0.9633, 0.96411, 0.9651, 0.96431], "average_losses": [0.1276049756512046, 0.11849870252549648, 0.1177353698220849, 0.11341286823675037, 0.1114319702526927, 0.1108838910870254, 0.1077985727584362, 0.10782277809500694, 0.10901223632693291, 0.1054132171909511, 0.104956544252038, 0.10599788339808583, 0.10576951051354408, 0.10746458675682545, 0.10369710395529866, 0.10355557841435074, 0.10368185789018869, 0.10629915530249476, 0.10332866443678737, 0.10239706856116652, 0.10298739292055369, 0.10760922493562103, 0.10132785340249538, 0.10229919863499701, 0.10310631037056446, 0.10196024500414728, 0.10251532911002637, 0.10411902786903084, 0.10400321548759937, 0.10280766621425748, 0.10091863870099187, 0.10283667882040143, 0.10123005106329917, 0.10668828291043639, 0.10452392328888178, 0.10133516768723726, 0.10318002492204309, 0.10222631285116077, 0.10156021302208304, 0.10083667216680944]}