{"learning_rate": 0.001, "epochs": 10, "batch_size": 32, "loss_fn": "CrossEntropyLoss", "optimizer": "AnalogOptimizerAdam", "accuracies": [0.9636, 0.96613, 0.96738, 0.96708, 0.96824, 0.96811, 0.96734, 0.96857, 0.9684, 0.96806, 0.96808, 0.96839, 0.96779, 0.96923, 0.96914, 0.96937, 0.96767, 0.96871, 0.96981, 0.9688, 0.96899, 0.96903, 0.96922, 0.9699, 0.96992, 0.96966, 0.96902, 0.96992, 0.97062, 0.97028, 0.97014, 0.96964, 0.96962, 0.96953, 0.97061, 0.97081, 0.97046, 0.97088, 0.97088, 0.96984], "average_losses": [0.1005766434173286, 0.09656105265401303, 0.09265757203608752, 0.09271644033066928, 0.0900100679666549, 0.08790214824005961, 0.09347091298490763, 0.0869857190695405, 0.08825919636413455, 0.08879599217064679, 0.08558818518519401, 0.08702065387919546, 0.08674671084664762, 0.08612523181132972, 0.0847474059765786, 0.08625272632710636, 0.08957387211039662, 0.08931003914278, 0.08577839768894016, 0.0834234957043454, 0.08581537056818604, 0.08352297718826682, 0.08396706820040942, 0.08344788880698382, 0.08187608872434124, 0.08329380342651159, 0.08235154462259263, 0.08201604565627874, 0.08313825556084514, 0.08146305394366384, 0.08105735341086984, 0.08393786718033254, 0.08382961997494101, 0.08184769996002317, 0.08240087825745344, 0.0807425223749131, 0.08315616797499359, 0.08083402353793383, 0.08119902949370444, 0.08172506275918334]}