{"learning_rate": 0.001, "epochs": 10, "batch_size": 32, "loss_fn": "CrossEntropyLoss", "optimizer": "AnalogOptimizerAdam", "accuracies": [0.91753, 0.92068, 0.92005, 0.9244, 0.92082, 0.92159, 0.92024, 0.92323, 0.92255, 0.92237, 0.92256, 0.9253, 0.92401, 0.92301, 0.92378, 0.92434, 0.92204, 0.92384, 0.92552, 0.92519, 0.92503, 0.9235, 0.92395, 0.92442, 0.92411, 0.92332, 0.92246, 0.92423, 0.92367, 0.92291, 0.92372, 0.92423, 0.9238, 0.92376, 0.92388, 0.92512, 0.9245, 0.92486, 0.92335, 0.9227], "average_losses": [0.20676877915263175, 0.20231561553537847, 0.2017333439874649, 0.1984033361363411, 0.19965899889528751, 0.1972236251860857, 0.19826330059409142, 0.1961690743947029, 0.19683664529919626, 0.19630345570802687, 0.19657356756031513, 0.19437477331340314, 0.19649181304097177, 0.19802685940504075, 0.1960474787569046, 0.19531696101605892, 0.19640967281758787, 0.19692575096488, 0.1945616205996275, 0.1952087603741884, 0.1944941538155079, 0.19432811339199543, 0.1951209464108944, 0.19420779825329781, 0.19445760256767272, 0.1950563851839304, 0.19630715280413627, 0.19558675989508628, 0.19621684662163258, 0.19483254786014556, 0.19618563919603824, 0.19543080511927605, 0.19662345156013966, 0.19437639781117438, 0.19417667046964168, 0.19460310414791107, 0.1965164238411188, 0.19443138347148894, 0.19526181195259093, 0.19647519046008588]}