{"learning_rate": 0.001, "epochs": 10, "batch_size": 32, "loss_fn": "CrossEntropyLoss", "optimizer": "AnalogOptimizerAdam", "accuracies": [0.91745, 0.91807, 0.91981, 0.92047, 0.9186, 0.91994, 0.91889, 0.92207, 0.91994, 0.91869, 0.91982, 0.92176, 0.92128, 0.922, 0.92158, 0.92197, 0.92088, 0.92104, 0.92215, 0.92044, 0.92147, 0.92306, 0.92265, 0.92133, 0.9211, 0.92098, 0.92323, 0.92399, 0.92311, 0.92306, 0.92224, 0.92318, 0.92247, 0.9207, 0.92571, 0.92486, 0.92367, 0.923, 0.92277, 0.92269], "average_losses": [0.21463518356740474, 0.21010735776543618, 0.2063049688977003, 0.20700131625294685, 0.20669726757109166, 0.20436174498975276, 0.20315119107842444, 0.20029125404179096, 0.20260633317410945, 0.20454592774152755, 0.20247779668748378, 0.20036897557795047, 0.2013977929186821, 0.20064485462605952, 0.20104589451670646, 0.19898364123821258, 0.19884247856259346, 0.20183385504364967, 0.20086652620255946, 0.20145620938301087, 0.19940469221115112, 0.1984454548418522, 0.1983043247503042, 0.19821896478295326, 0.1993916610687971, 0.19889339436411857, 0.1988570762050152, 0.19897329113781453, 0.19849029238820076, 0.1977790644991398, 0.1980760108947754, 0.1976193862372637, 0.1982441691893339, 0.2011234779316187, 0.19707185211479664, 0.1964906773674488, 0.19774249196648597, 0.19616595774173737, 0.1975779529851675, 0.1982772388446331]}