{"learning_rate": 0.001, "epochs": 10, "batch_size": 32, "loss_fn": "CrossEntropyLoss", "optimizer": "AnalogOptimizerAdam", "accuracies": [0.99676, 0.9969, 0.99714, 0.99712, 0.99722, 0.99723, 0.99731, 0.99731, 0.99736, 0.99731, 0.99729, 0.99736, 0.99736, 0.99735, 0.99728, 0.99743, 0.99724, 0.99758, 0.99746, 0.99732, 0.99747, 0.99746, 0.99737, 0.99731, 0.99721, 0.99743, 0.99734, 0.9975, 0.99734, 0.99758, 0.99745, 0.99742, 0.99734, 0.9975, 0.99739, 0.99759, 0.99757, 0.99738, 0.99728, 0.99757], "average_losses": [0.013354617041889578, 0.011157502856453647, 0.011128295289999805, 0.010907080674094613, 0.01082733896846068, 0.010729272988230077, 0.010885837488425896, 0.010542074669824215, 0.010362727222380927, 0.010386711528406013, 0.010014919023353141, 0.010176544592888094, 0.010217913320184452, 0.010348965135774307, 0.010140723936883733, 0.009940035885847756, 0.0104823660598489, 0.010019218562767346, 0.010234152441487822, 0.010279038200581563, 0.010241771548555843, 0.010037903609824135, 0.009894649255522163, 0.010035865627054009, 0.010243340280497214, 0.010011379274151187, 0.009871589305501256, 0.010045343895624392, 0.009814933190975572, 0.01003535045939585, 0.009662210472034931, 0.010141181631002109, 0.010497090278147735, 0.0095999092317943, 0.010062875136216244, 0.009822567948557553, 0.009860142835966545, 0.009807379765438964, 0.010364069071483099, 0.009837157072197879]}