{"learning_rate": 0.001, "epochs": 10, "batch_size": 32, "loss_fn": "CrossEntropyLoss", "optimizer": "AnalogOptimizerAdam", "accuracies": [0.92478, 0.92354, 0.92476, 0.92458, 0.92267, 0.92446, 0.92448, 0.92454, 0.92476, 0.9254, 0.92626, 0.9262, 0.92516, 0.92513, 0.92641, 0.92671, 0.9257, 0.92686, 0.92592, 0.92672, 0.92665, 0.92598, 0.926, 0.92653, 0.92556, 0.92574, 0.92576, 0.92473, 0.92617, 0.9244, 0.92462, 0.92611, 0.92681, 0.92645, 0.92628, 0.92695, 0.92448, 0.92729, 0.92515, 0.92713], "average_losses": [0.19597863701879978, 0.19464719886243342, 0.19635521000921727, 0.19485111657202245, 0.19623846746861934, 0.1933544848561287, 0.19276274750828742, 0.19468459655046463, 0.19246544845461847, 0.19083495936274528, 0.1911150768405199, 0.1918027843785286, 0.19322529204130173, 0.19141888679623603, 0.19094150916934013, 0.19081997202932835, 0.19223210325479506, 0.190039262162447, 0.19050139369666577, 0.18952174655914306, 0.1904137617379427, 0.19056037780046464, 0.19037327947437763, 0.18972159645318984, 0.19085364629507065, 0.19112409114718437, 0.19132531575143338, 0.19294104082882405, 0.19022203060686588, 0.19392801813602448, 0.1921689851951599, 0.18975752259671688, 0.1894397608220577, 0.18970880034148693, 0.1900669477456808, 0.18891861768960952, 0.19458561304867267, 0.18988945206165314, 0.19037027025163172, 0.18967223190903665]}