{"learning_rate": 0.001, "epochs": 10, "batch_size": 32, "loss_fn": "CrossEntropyLoss", "optimizer": "AnalogOptimizerAdam", "accuracies": [0.92128, 0.9219, 0.92339, 0.92376, 0.92301, 0.92442, 0.92556, 0.92375, 0.92339, 0.92567, 0.92382, 0.92579, 0.92438, 0.92448, 0.92269, 0.92452, 0.92632, 0.9224, 0.92449, 0.92541, 0.92414, 0.92493, 0.92515, 0.9254, 0.92621, 0.92521, 0.9259, 0.92435, 0.92312, 0.9237, 0.92323, 0.92392, 0.92386, 0.92488, 0.9226, 0.92542, 0.9247, 0.92494, 0.92371, 0.92198], "average_losses": [0.20178186409235, 0.19868983644187452, 0.19974849810183049, 0.19528118336558342, 0.19660824366629123, 0.195447976295352, 0.19605218565285207, 0.19564234536111355, 0.19528159522652627, 0.19383558427512645, 0.1932211799609661, 0.19571929159939289, 0.19311592495203017, 0.19543004278898238, 0.19482883541345597, 0.19626599535167216, 0.19213243937015534, 0.19441051095426082, 0.19246475286066533, 0.19383120747983457, 0.19292805238485336, 0.1922645347583294, 0.19399154984533787, 0.19278417454183103, 0.1921789726382494, 0.19316335950672628, 0.1944049387383461, 0.19212961386144162, 0.1941932671189308, 0.19281495183110237, 0.194044316547513, 0.19548615949213505, 0.1946499422311783, 0.19374971435010432, 0.19411069530129432, 0.19347887012004852, 0.19382582435786724, 0.1925132962346077, 0.19378488164007665, 0.19500345966994762]}