{"learning_rate": 0.001, "epochs": 10, "batch_size": 32, "loss_fn": "CrossEntropyLoss", "optimizer": "AnalogOptimizerAdam", "accuracies": [0.9238, 0.92534, 0.92519, 0.92512, 0.92593, 0.92592, 0.92536, 0.92652, 0.92545, 0.92672, 0.92661, 0.92613, 0.92568, 0.92543, 0.92562, 0.92533, 0.92529, 0.92623, 0.92601, 0.92484, 0.92643, 0.92558, 0.92482, 0.92673, 0.92525, 0.92502, 0.92689, 0.92613, 0.9251, 0.92449, 0.92723, 0.92631, 0.92644, 0.92421, 0.92488, 0.92636, 0.92699, 0.92556, 0.92486, 0.92536], "average_losses": [0.19487730539768935, 0.1946520271897316, 0.1950661074924469, 0.19199448736190797, 0.19129913643777371, 0.19072640242934227, 0.19120500443398952, 0.1910809792470932, 0.19147305376291274, 0.19129806700408458, 0.19194759942114353, 0.19080180838882924, 0.19069303215563296, 0.19467911812663077, 0.1916375501102209, 0.19350246723234654, 0.19064124743580818, 0.19139592719674112, 0.19134891683757305, 0.19462760498464107, 0.19227821910500525, 0.1929204235613346, 0.19222077745974064, 0.19045022972643375, 0.19215215115725995, 0.1929799456423521, 0.1900118658924103, 0.19417037972331047, 0.19153362242639066, 0.19303820107400418, 0.19260007738828658, 0.19068862500309944, 0.1912223000115156, 0.1922622256666422, 0.19267425230443477, 0.19131679127395154, 0.1894243787562847, 0.19370575296074152, 0.1923449566912651, 0.1903741389775276]}