{"learning_rate": 0.001, "epochs": 10, "batch_size": 32, "loss_fn": "CrossEntropyLoss", "optimizer": "AnalogOptimizerAdam", "accuracies": [0.95722, 0.95987, 0.95832, 0.96149, 0.96044, 0.96223, 0.96161, 0.96159, 0.96226, 0.96213, 0.96358, 0.96223, 0.9611, 0.96247, 0.96093, 0.96268, 0.96181, 0.9642, 0.96314, 0.96329, 0.9637, 0.96386, 0.96369, 0.96336, 0.96344, 0.96409, 0.96435, 0.96325, 0.9648, 0.96297, 0.96297, 0.96364, 0.96389, 0.96416, 0.96316, 0.96321, 0.96406, 0.96331, 0.96432, 0.96309], "average_losses": [0.11416223730176688, 0.11328541993632912, 0.11164217107534409, 0.10966102819591761, 0.10880440229639411, 0.10703383075997233, 0.10690589741006494, 0.1050325872144103, 0.10501651451721787, 0.1054591049297154, 0.10435681524634362, 0.10462490721538663, 0.10582925458669662, 0.10473074107021094, 0.10646438002318144, 0.10397825240314007, 0.10407285679504276, 0.10272285245656967, 0.10310279009506107, 0.10298722457125783, 0.10348602628856897, 0.10180575938388706, 0.10279666006267071, 0.10161447258889675, 0.10261839824944735, 0.10199683559030294, 0.10234231182232499, 0.1030539585083723, 0.10138494494386018, 0.1039945624922961, 0.10417075236350298, 0.10160723257422447, 0.10195399308487772, 0.10261729229420423, 0.10331588654249907, 0.1021705066728592, 0.10151383569940925, 0.10175534584373236, 0.10164221409544348, 0.10151943581357599]}