{"learning_rate": 0.001, "epochs": 10, "batch_size": 32, "loss_fn": "CrossEntropyLoss", "optimizer": "AnalogOptimizerAdam", "accuracies": [0.91149, 0.9144, 0.91655, 0.91538, 0.91532, 0.91845, 0.91944, 0.92169, 0.92178, 0.91754, 0.92082, 0.92054, 0.92121, 0.9197, 0.92115, 0.92303, 0.92296, 0.9253, 0.92379, 0.92514, 0.92551, 0.92412, 0.9233, 0.92463, 0.92495, 0.92429, 0.92184, 0.92298, 0.92592, 0.92372, 0.92477, 0.92452, 0.92502, 0.92443, 0.92427, 0.92394, 0.92532, 0.92528, 0.92498, 0.92564], "average_losses": [0.22599535332083703, 0.2230854356098175, 0.21423405126392842, 0.21363421808242797, 0.21358354289531709, 0.21163008575081826, 0.21033416793227197, 0.2055832191991806, 0.20843534821748733, 0.21162037908017636, 0.2054090529125929, 0.20703810975670814, 0.2057392979967594, 0.20498838788747786, 0.20752132599234582, 0.2019286444377899, 0.20271513591647147, 0.2006338611137867, 0.200797109683156, 0.20092101664721965, 0.20082297334372998, 0.20092033516049385, 0.20077863340973853, 0.19930967111110687, 0.20048710149884225, 0.20227625385165215, 0.20447232469141483, 0.20035329646110533, 0.19705367666006088, 0.20193342808365822, 0.19755122945308684, 0.19823014677882195, 0.19899278480410576, 0.19742556758344174, 0.19882663985550403, 0.1979713269740343, 0.19918883601903917, 0.19667508035540582, 0.19944402409672737, 0.19760926678478719]}