{"learning_rate": 0.001, "epochs": 10, "batch_size": 32, "loss_fn": "CrossEntropyLoss", "optimizer": "AnalogOptimizerAdam", "accuracies": [0.94224, 0.94475, 0.94859, 0.9478, 0.9486, 0.94589, 0.94855, 0.94779, 0.94781, 0.94972, 0.94889, 0.95063, 0.94834, 0.94873, 0.95091, 0.95134, 0.95011, 0.95092, 0.95062, 0.95084, 0.95176, 0.95234, 0.95281, 0.95207, 0.95226, 0.95229, 0.95347, 0.95188, 0.95217, 0.95188, 0.95206, 0.94872, 0.9517, 0.95355, 0.95265, 0.9521, 0.95033, 0.95129, 0.95259, 0.95273], "average_losses": [0.14811448442935943, 0.14542357365041972, 0.14247023618936538, 0.14009242167174815, 0.1414577917063236, 0.13927754063993691, 0.13773092138618231, 0.140493711874485, 0.14098197858959435, 0.13547484981417657, 0.13582608243510128, 0.13442007939860226, 0.13479731878966092, 0.13702593621313572, 0.13581712360322476, 0.13330802391827107, 0.135768353895247, 0.13437987264961004, 0.13630626059114934, 0.13402941973537208, 0.13559587088137864, 0.13420568740725516, 0.13350126731455325, 0.13257847593605518, 0.13268983678340912, 0.1350775582963228, 0.1298698617491126, 0.1319874952021241, 0.13402235087901354, 0.1320721356731653, 0.13218727564811705, 0.13352647110909224, 0.13393107288330794, 0.1279925632223487, 0.1310366566491127, 0.13223985091239213, 0.13224001351118087, 0.13149526789739727, 0.1288937799666822, 0.13180345877483488]}