{"learning_rate": 0.001, "epochs": 10, "batch_size": 32, "loss_fn": "CrossEntropyLoss", "optimizer": "AnalogOptimizerAdam", "accuracies": [0.85874, 0.86892, 0.87188, 0.87251, 0.8748, 0.8757, 0.87423, 0.87384, 0.87374, 0.87537, 0.87484, 0.87423, 0.87028, 0.86792, 0.86025, 0.85049, 0.84322, 0.83305, 0.82852, 0.82501, 0.8194, 0.81505, 0.81727, 0.81301, 0.81191, 0.81313, 0.81197, 0.81231, 0.80828, 0.80713, 0.8104, 0.81368, 0.81249, 0.8125, 0.81334, 0.81042, 0.81354, 0.81199, 0.80777, 0.81031], "average_losses": [0.33100508146524427, 0.31010301269054413, 0.3045269880092144, 0.30281144577622415, 0.3025721265041828, 0.3004061362040043, 0.30388953023672105, 0.3019594469642639, 0.3030469017386436, 0.30364177163124084, 0.30744211740255356, 0.30637980320215225, 0.31280287637412546, 0.32066760813474654, 0.3307856399869919, 0.34670238505125045, 0.3628088201212883, 0.40432841701507566, 0.3971553518509865, 0.4096520411515236, 0.42422613203525544, 0.4266308967828751, 0.4263593122887611, 0.4413128583049774, 0.46788533984184266, 0.46767685431957245, 0.49997770636081695, 0.5030658323287964, 0.50999939204216, 0.5070331932353973, 0.5026068784713745, 0.5015707666063308, 0.49829437130212784, 0.499000417342186, 0.5000203577041626, 0.5011995005583764, 0.4990055533003807, 0.49706821070194246, 0.5005860808992386, 0.4948425941991806]}