{"learning_rate": 0.001, "epochs": 10, "batch_size": 32, "loss_fn": "CrossEntropyLoss", "optimizer": "AnalogOptimizerAdam", "accuracies": [0.84118, 0.86918, 0.86449, 0.87044, 0.86517, 0.86641, 0.87032, 0.86589, 0.86221, 0.85896, 0.85506, 0.85396, 0.81387, 0.82538, 0.81393, 0.82362, 0.81433, 0.8143, 0.81263, 0.81438, 0.81331, 0.81242, 0.81404, 0.81335, 0.81399, 0.81223, 0.81217, 0.81002, 0.81347, 0.81007, 0.8131, 0.81367, 0.81289, 0.81301, 0.81323, 0.81437, 0.81452, 0.81276, 0.8141, 0.81431], "average_losses": [0.3614469634437561, 0.31602904218912126, 0.3133103815793991, 0.3106340362334251, 0.3406056934821606, 0.323283136305809, 0.32422621260643003, 0.3235715661406517, 0.36673397521972656, 0.3389481466972828, 0.3464092828464508, 0.3634334014701843, 0.4590219553542137, 0.462645287065506, 0.45146774718761445, 0.4902638962364197, 0.539502901608944, 0.49045720463752746, 0.4950388761806488, 0.49721558254241943, 0.5464805027914047, 0.4965798010253906, 0.4937008959150314, 0.49762545189380647, 0.5491848314070702, 0.49948384173870086, 0.5567918118047714, 0.5671475953388214, 0.5635134988641739, 0.5294038476753234, 0.5024085873794556, 0.4981498023986816, 0.5520817705535889, 0.4965442690706253, 0.49594364389896395, 0.49343124182224274, 0.5544977393388748, 0.497271587138176, 0.49443648352146147, 0.4936856951856613]}