{"learning_rate": 0.001, "epochs": 30, "batch_size": 32, "loss_fn": "CrossEntropyLoss", "optimizer": "AnalogOptimizerAdam", "accuracies": [0.87519, 0.87754, 0.87282, 0.84852, 0.81377, 0.81301, 0.81377, 0.81459, 0.81392, 0.81448, 0.8144, 0.81344, 0.81462, 0.81433, 0.81483, 0.81452, 0.81452, 0.81445, 0.81466, 0.81402, 0.81358, 0.81486, 0.81477, 0.81443, 0.81487, 0.81421, 0.81478, 0.81475, 0.81476, 0.81443], "average_losses": [0.29794480933308604, 0.2971736770105362, 0.3055676801633835, 0.36035550683021544, 0.4427479710960388, 0.4978150874853134, 0.5082223585414887, 0.5070290673851967, 0.5158646557950973, 0.5020897330665588, 0.5052664899015427, 0.5010975939559936, 0.5041923223114013, 0.5024597323608399, 0.497149366979599, 0.4961511349487305, 0.4991910625600815, 0.4959245297908783, 0.49732386880397794, 0.5015425960254669, 0.5026778659248352, 0.49568849820137023, 0.49602524602890014, 0.4953595238637924, 0.4965871133565903, 0.49682921016693116, 0.4960240135240555, 0.4957901311635971, 0.49452199192523955, 0.49727215282440185]}