{"learning_rate": 0.001, "epochs": 10, "batch_size": 32, "loss_fn": "CrossEntropyLoss", "optimizer": "AnalogOptimizerAdam", "accuracies": [0.90291, 0.90545, 0.90722, 0.90684, 0.90712, 0.90856, 0.90822, 0.90771, 0.90859, 0.90794, 0.90768, 0.90839, 0.90892, 0.91118, 0.90973, 0.90972, 0.90957, 0.90958, 0.90887, 0.90857, 0.90847, 0.9088, 0.90867, 0.91007, 0.90838, 0.90897, 0.9089, 0.9088, 0.90862, 0.90734, 0.90738, 0.90711, 0.90616, 0.90758, 0.90717, 0.90753, 0.90539, 0.90647, 0.90662, 0.90647], "average_losses": [0.24276140488386155, 0.23514083206772804, 0.2344439237511158, 0.23157905642688276, 0.23145325487732887, 0.22944186381816864, 0.22920955046772956, 0.22755217755615711, 0.22892639430642128, 0.22899325814366342, 0.22886231912374497, 0.22784932215869427, 0.22753341920256615, 0.22551370124578476, 0.22618738388299942, 0.22607260953247546, 0.22565046188354493, 0.22878695991158485, 0.22586407267332076, 0.22802518539190292, 0.22654717474937439, 0.22662800979495049, 0.22749966651380063, 0.22466229177892208, 0.2270627309536934, 0.22854206998229026, 0.22651711668133737, 0.2272184031188488, 0.22780558342695237, 0.22786404080569744, 0.22998309427678584, 0.22865716323018073, 0.22977406888484955, 0.22844715694248677, 0.22940626439869405, 0.22832902864933013, 0.23141817096948625, 0.23165478848099708, 0.23306809930920602, 0.22899242995917798]}