{"learning_rate": 0.001, "epochs": 10, "batch_size": 32, "loss_fn": "CrossEntropyLoss", "optimizer": "AnalogOptimizerAdam", "accuracies": [0.79322, 0.79648, 0.78987, 0.79694, 0.79606, 0.79382, 0.79339, 0.79481, 0.79569, 0.79649, 0.7959, 0.79458, 0.79495, 0.79511, 0.79713, 0.80081, 0.79523, 0.7961, 0.79487, 0.79533, 0.79455, 0.79299, 0.79158, 0.79424, 0.79724, 0.79606, 0.79837, 0.79178, 0.79558, 0.79287, 0.7934, 0.79752, 0.79579, 0.79609, 0.7953, 0.79766, 0.79451, 0.79554, 0.79651, 0.79301, 0.79739, 0.79092, 0.79785, 0.79657, 0.7921, 0.798, 0.79328, 0.78948, 0.7936, 0.7953, 0.79156, 0.79317, 0.79481, 0.79164, 0.79511, 0.79684, 0.79458, 0.80056, 0.79732, 0.79219, 0.79685, 0.79566, 0.79774, 0.79657, 0.79421, 0.79179, 0.79434, 0.79628, 0.79695, 0.79789, 0.79196, 0.78969, 0.79498, 0.79585, 0.79292, 0.7905, 0.79886, 0.80107, 0.79818, 0.79343, 0.79489, 0.79829, 0.79236, 0.7968, 0.79819, 0.79693, 0.79629, 0.79656, 0.79276, 0.79418, 0.79257, 0.79059, 0.79297, 0.79525, 0.79487, 0.79376, 0.79507, 0.79749, 0.79455, 0.79641, 0.7934, 0.7941, 0.79536, 0.79599, 0.79328, 0.80008, 0.79452, 0.79844, 0.79688, 0.793, 0.7933, 0.78933, 0.79701, 0.79844, 0.79629, 0.79576, 0.79525, 0.79236, 0.79577, 0.79073, 0.79674, 0.79938, 0.79393, 0.79425, 0.79506, 0.78823, 0.79531, 0.79605, 0.79611, 0.79523, 0.7953, 0.79264, 0.79713, 0.79458, 0.79722, 0.79321, 0.79567, 0.79584, 0.79857, 0.79443, 0.79693, 0.79349, 0.79586, 0.79712, 0.79397, 0.7918, 0.7963, 0.7942, 0.7928, 0.79753, 0.79248, 0.79374, 0.79777, 0.79605, 0.79881, 0.79332, 0.79672, 0.79469, 0.79132, 0.79591, 0.79631, 0.795, 0.79504, 0.79285, 0.79643, 0.79617, 0.79344, 0.79648, 0.79692, 0.79453, 0.79598, 0.79373, 0.7944, 0.7918, 0.79155, 0.79297, 0.79734, 0.79262, 0.79051, 0.79568, 0.79713, 0.79329, 0.79547, 0.79615, 0.79465, 0.79783, 0.79813, 0.80041, 0.79338, 0.78937, 0.79577, 0.79266, 0.78877, 0.79372, 0.79816, 0.7974, 0.79208, 0.79601, 0.78966, 0.79736, 0.79305, 0.79537, 0.80002, 0.79378, 0.79626, 0.79494, 0.79759, 0.79533, 0.79469, 0.79582, 0.79466, 0.79668, 0.7983, 0.79419, 0.79142, 0.79649, 0.79366, 0.79725, 0.79542, 0.79842, 0.79365, 0.79945, 0.79832, 0.79205, 0.79281, 0.79514, 0.79565, 0.79491, 0.7939, 0.79508, 0.79113, 0.7995, 0.79596, 0.79435, 0.79791, 0.7904, 0.79895, 0.79738, 0.79868, 0.7997, 0.78771, 0.79249, 0.79134, 0.79642, 0.79524, 0.79248, 0.79306, 0.7916, 0.79303, 0.79609, 0.79455, 0.79907, 0.79402, 0.79079, 0.79545, 0.80095, 0.79588, 0.79571, 0.79398, 0.79589, 0.79379, 0.79705, 0.79619, 0.7919, 0.79703, 0.79619, 0.78874, 0.79413, 0.79563, 0.79507, 0.79421, 0.79365, 0.79579, 0.79788, 0.79672, 0.79473, 0.79537, 0.79877, 0.79997, 0.79927, 0.79576, 0.79488, 0.79479, 0.79423, 0.79536, 0.79311, 0.79369, 0.79742, 0.79529, 0.78861, 0.79624, 0.79704, 0.79493, 0.79771, 0.79643, 0.79325, 0.79501, 0.79826, 0.79858, 0.7942, 0.79403, 0.79654, 0.79422, 0.79396, 0.79599, 0.79222, 0.7967, 0.79661, 0.80032, 0.79179, 0.79305, 0.79936, 0.7945, 0.79438, 0.79781, 0.80037, 0.79339, 0.80169, 0.79576, 0.79966, 0.79225, 0.79155, 0.79615, 0.79454, 0.79515, 0.79911, 0.79423, 0.79444, 0.7972, 0.79688, 0.79619, 0.79507, 0.79363, 0.79481, 0.79266, 0.8006, 0.79188, 0.79383, 0.79639, 0.79845, 0.79155, 0.78798, 0.79812, 0.79195, 0.79631, 0.79736, 0.79802, 0.79229, 0.79422, 0.79458, 0.79354, 0.79669, 0.79485, 0.79829, 0.79735, 0.79356, 0.79503, 0.79652, 0.79744, 0.7915], "average_losses": [0.5756968595582247, 0.5701056862699986, 0.5821660877406597, 0.5743282042837143, 0.5785579428553581, 0.5802889648652076, 0.5816884830617904, 0.5758962167239189, 0.5740687353843451, 0.5786417933636904, 0.5689128126478196, 0.5781513989412784, 0.5760974036478996, 0.5759066350793839, 0.5783974530398845, 0.5643817355918884, 0.5788910582304001, 0.5729395788741112, 0.5731211688995361, 0.5764072602236271, 0.5784348574805259, 0.5791230854678154, 0.5728303579282761, 0.5746332836842537, 0.5701524698901177, 0.5744741473448276, 0.5673725179886818, 0.5845001989972591, 0.5706004427051544, 0.5793431842970848, 0.5787118793541193, 0.5733185953545571, 0.5735523063063621, 0.5768345932340622, 0.572469677195549, 0.5703017344141006, 0.5745390587735176, 0.5756082718479634, 0.5738729429149627, 0.5749983827447891, 0.5749404156446457, 0.584988549952507, 0.5740020124256611, 0.5701237284302711, 0.5770692768621445, 0.5812034642171859, 0.5783969325268269, 0.57861463701725, 0.5800428095746041, 0.5732656727540493, 0.5904886593914032, 0.5742629340434074, 0.5780717602658272, 0.5883168086755276, 0.5779394386416674, 0.5719599708282948, 0.5844622939145565, 0.5663188438057899, 0.5799323625779151, 0.5794194897913932, 0.5745420502948761, 0.5817652194237709, 0.5694997545951604, 0.5643322536659241, 0.5811797657012939, 0.5717418547439576, 0.5698189493238925, 0.5724482202708722, 0.5709175384235382, 0.5689859698390961, 0.5832184772932529, 0.5927488401627541, 0.5804125034952163, 0.5666707434844971, 0.5789884071683884, 0.5817515630578994, 0.5687984147500992, 0.5690292745757103, 0.5745043120384217, 0.5795434217059612, 0.5782098865008354, 0.5702441269087791, 0.5805219875049591, 0.5719607412719726, 0.5698262092089653, 0.567880534529686, 0.5655000757455826, 0.5779369564545155, 0.584494025862217, 0.5685545139575005, 0.5792310835385323, 0.5889992118954659, 0.5750897775650025, 0.576091902012825, 0.5817763839435577, 0.5779395420360565, 0.574926565144062, 0.5754510900425911, 0.5797475321400165, 0.5763502271711827, 0.5760933801460266, 0.5787319796967506, 0.5711846787929535, 0.5750427122104168, 0.5733773566198349, 0.5613838283085824, 0.5730203257775307, 0.5697583863055706, 0.5816249859261513, 0.5775848648023605, 0.5845290839314461, 0.5871699685645103, 0.5708248757600785, 0.5675583932769298, 0.5699822735810279, 0.570105510559082, 0.570260292942524, 0.5796962846183776, 0.580608563631773, 0.5808669779038429, 0.5710891798472405, 0.5767943368601799, 0.5751845588922501, 0.5758646077239513, 0.5784567683196068, 0.5885581577658653, 0.5724042327141762, 0.5742130563735962, 0.571517990090847, 0.5753472298407555, 0.5765269634962082, 0.5834128858947754, 0.570826436368227, 0.5746039440226555, 0.5741047734856606, 0.5904009824001789, 0.5724447988033294, 0.5790288829922676, 0.5758985814142227, 0.5822590193581582, 0.5727349952340126, 0.5813168807721139, 0.571413299472332, 0.5723828973507881, 0.5746956161010265, 0.5814301310253144, 0.5695171654641629, 0.5715915534472465, 0.5817220525455474, 0.5757802959370613, 0.5774069450688362, 0.583227156150341, 0.5767370767128468, 0.5748008374357223, 0.5704635655021667, 0.5882906202173233, 0.5721025775384903, 0.5768014470887184, 0.5828506944346428, 0.574675115954876, 0.5735750141263009, 0.5798556242346764, 0.5713985337281227, 0.5807393293833732, 0.5708570262742042, 0.5752198778986931, 0.5770804354310036, 0.571138263078928, 0.5679618371915818, 0.5765155998206138, 0.5769381161594391, 0.5806060128498077, 0.5777423896121979, 0.5856847158145905, 0.5831158155119419, 0.5787843274927139, 0.5729399133169651, 0.5841019994437695, 0.5819919830346107, 0.5830475110280514, 0.5729395335054398, 0.5800317538964749, 0.5725262639069557, 0.56699581635952, 0.5720811520004272, 0.5726464922428132, 0.5759138155198097, 0.5661083001065255, 0.5754652303683758, 0.5862997370292247, 0.578039604101181, 0.5797500563693047, 0.588205949625969, 0.5774129773759842, 0.5692212257432938, 0.5687293553185463, 0.5890519170618057, 0.5791919439578056, 0.5953405467569828, 0.5760352467811107, 0.5749238696098328, 0.5733808556365967, 0.5670433609700203, 0.5744344747972489, 0.5800207802319527, 0.5746655791270733, 0.5719639135980606, 0.5713156129354239, 0.5675251783609391, 0.5792156997394562, 0.5785887888455391, 0.5796181160926819, 0.5678719928193092, 0.5767410046768189, 0.5831374334239959, 0.5687884208202362, 0.5819018572986125, 0.5749492458879948, 0.5676913916325569, 0.5696260897564888, 0.5773779143929482, 0.5678202299284935, 0.5685918261098861, 0.5804816030573845, 0.581698081650734, 0.5812180581378936, 0.5786803400027752, 0.5679894345271588, 0.5817335857439041, 0.5714562382030487, 0.5763617721366883, 0.5664696999442578, 0.5705422336101532, 