{"learning_rate": 0.001, "epochs": 10, "batch_size": 32, "loss_fn": "CrossEntropyLoss", "optimizer": "AnalogOptimizerAdam", "accuracies": [0.84429, 0.86557, 0.86614, 0.87044, 0.86869, 0.87003, 0.87057, 0.87126, 0.8699, 0.87266, 0.86738, 0.86572, 0.86706, 0.86676, 0.86694, 0.86151, 0.86417, 0.86002, 0.86158, 0.86443, 0.86117, 0.85799, 0.85773, 0.85592, 0.84889, 0.8584, 0.85015, 0.84978, 0.84686, 0.78978, 0.82003, 0.80958, 0.80919, 0.81381, 0.81344, 0.81165, 0.81427, 0.81146, 0.80963, 0.81154], "average_losses": [0.3435105166864395, 0.32251820512533186, 0.3203813927745819, 0.3197188824808598, 0.31376286504387857, 0.3155714965713024, 0.31326727596879006, 0.3143003712773323, 0.31663927500367167, 0.3183538863348961, 0.3179105277919769, 0.31871366438508036, 0.3222427785861492, 0.3231995747256279, 0.32843431319355965, 0.32250981445074084, 0.33063286191940305, 0.32705685598373413, 0.32552821173906327, 0.34260032543301583, 0.3316361996304989, 0.34187340921878817, 0.3393669829583168, 0.34555100306272507, 0.3398777335476875, 0.38211304517269135, 0.3705207436132431, 0.4283648904514313, 0.4468238937497139, 0.4627026813220978, 0.48862620795726774, 0.4966781858539581, 0.6546617305326462, 0.6107541513252258, 0.5907009660673141, 0.6479856156110764, 0.6461742098855973, 0.5493396490478516, 0.5684348523783683, 0.5758551693058014]}