{"learning_rate": 0.001, "epochs": 10, "batch_size": 32, "loss_fn": "CrossEntropyLoss", "optimizer": "AnalogOptimizerAdam", "accuracies": [0.87223, 0.84021, 0.81223, 0.81335, 0.81397, 0.81331, 0.8142, 0.81453, 0.8146, 0.8145], "average_losses": [0.3326964465069771, 0.37354984731435775, 0.5258403781795502, 0.5401520271658897, 0.543107889266014, 0.5425451509141922, 0.5320522980976105, 0.5429253426218033, 0.5217034885311127, 0.5207487264633178]}