{"learning_rate": 0.001, "epochs": 30, "batch_size": 32, "loss_fn": "CrossEntropyLoss", "optimizer": "AnalogOptimizerAdam", "accuracies": [0.87378, 0.87284, 0.87091, 0.87295, 0.86951, 0.85437, 0.83753, 0.80883, 0.81078, 0.81066, 0.81033, 0.81184, 0.81153, 0.81369, 0.81378, 0.81424, 0.81463, 0.81401, 0.81408, 0.81428, 0.81435, 0.81434, 0.81428, 0.8145, 0.81449, 0.81461, 0.81438, 0.81421, 0.81335, 0.81325], "average_losses": [0.3002944132351875, 0.29786163932323456, 0.30439620352625846, 0.30324666742801665, 0.31249291660428047, 0.3430274485826492, 0.39444581071853635, 0.5207022575473785, 0.5542345325279235, 0.554172584271431, 0.5449725007152557, 0.5432378922557831, 0.539104429564476, 0.5050986385762691, 0.5031452141618729, 0.5002800614929199, 0.5003757379508018, 0.4940994044780731, 0.49939617987155915, 0.49756125527381895, 0.5001248659586907, 0.5004198886418343, 0.5008485449695587, 0.4961408698654175, 0.4975514676904678, 0.5016644401025772, 0.49437559429168704, 0.495511281709671, 0.49709799213886263, 0.4961992158865929]}