{"learning_rate": 0.001, "epochs": 10, "batch_size": 32, "loss_fn": "CrossEntropyLoss", "optimizer": "AnalogOptimizerAdam", "accuracies": [0.83216, 0.86682, 0.87, 0.86489, 0.86753, 0.8688, 0.86895, 0.87077, 0.86289, 0.8651, 0.86305, 0.85505, 0.85276, 0.85629, 0.85902, 0.84783, 0.8094, 0.81481, 0.81218, 0.81263, 0.81346, 0.81337, 0.81129, 0.81301, 0.81224, 0.81035, 0.8121, 0.81391, 0.81405, 0.81297, 0.81234, 0.81233, 0.8138, 0.81261, 0.81418, 0.81414, 0.81415, 0.81396, 0.81437, 0.81365], "average_losses": [0.3828410875582695, 0.31246424266576767, 0.31127886044621467, 0.31374185070753097, 0.34930373509764673, 0.31501968039631845, 0.3181022917866707, 0.32037609873652456, 0.3568537828242779, 0.33055200782299043, 0.33367201620817183, 0.33978127759695054, 0.39193562754154204, 0.3643882344532013, 0.3462732601559162, 0.3737575848722458, 0.47227579966068267, 0.42284463774204256, 0.43483976840496064, 0.4690635849452019, 0.49387296653032303, 0.47884558545589445, 0.4765929719543457, 0.4779167264413834, 0.5155747490429878, 0.4965969879150391, 0.49483293092250824, 0.4870329722881317, 0.5488768476605416, 0.5003244430327416, 0.4963107540631294, 0.4964739996433258, 0.5426886516904831, 0.49845837569236756, 0.49415122988462445, 0.4905391965150833, 0.5460628229570389, 0.493383666472435, 0.49204243245601653, 0.490990569396019]}