{"learning_rate": 0.001, "epochs": 10, "batch_size": 32, "loss_fn": "CrossEntropyLoss", "optimizer": "AnalogOptimizerAdam", "accuracies": [0.82313, 0.82352, 0.82052, 0.82342, 0.82222, 0.82003, 0.82303, 0.82129, 0.82224, 0.82384, 0.82102, 0.82381, 0.82403, 0.82036, 0.82257, 0.82118, 0.8217, 0.82009, 0.81918, 0.82117, 0.82142, 0.82094, 0.82112, 0.82201, 0.82063, 0.82021, 0.82219, 0.82425, 0.82069, 0.82103, 0.82319, 0.82215, 0.82093, 0.82313, 0.82049, 0.8217, 0.8221, 0.82286, 0.82141, 0.82089, 0.82435, 0.82323, 0.82189, 0.82165, 0.82325, 0.82176, 0.82061, 0.82475, 0.82147, 0.82292, 0.82277, 0.81802, 0.82254, 0.82173, 0.82227, 0.82187, 0.82501, 0.82385, 0.82339, 0.82148, 0.82121, 0.82381, 0.82205, 0.82231, 0.82319, 0.82288, 0.82135, 0.8233, 0.82225, 0.82067, 0.82346, 0.82457, 0.82213, 0.81992, 0.8201, 0.82191, 0.82168, 0.82186, 0.82241, 0.8236, 0.81887, 0.8204, 0.82167, 0.82018, 0.82333, 0.82235, 0.82177, 0.82479, 0.82197, 0.82114, 0.82319, 0.82319, 0.81989, 0.82366, 0.82243, 0.82169, 0.81987, 0.82295, 0.82241, 0.82132, 0.82258, 0.82373, 0.82187, 0.82247, 0.82275, 0.8217, 0.82298, 0.82122, 0.82087, 0.82068, 0.82452, 0.82102, 0.82123, 0.82207, 0.81952, 0.82044, 0.82385, 0.82404, 0.82126, 0.82082, 0.82505, 0.82134, 0.8212, 0.82442, 0.82231, 0.82211, 0.82109, 0.8214, 0.82185, 0.82151, 0.82193, 0.81924, 0.82323, 0.82047, 0.82269, 0.8198, 0.81862, 0.82364, 0.8215, 0.82159, 0.82253, 0.82099, 0.82315, 0.8224, 0.82198, 0.82221, 0.82193, 0.82248, 0.82272, 0.82462, 0.82259, 0.82536, 0.81962, 0.82104, 0.82452, 0.82209, 0.81971, 0.82145, 0.82249, 0.82099, 0.82281, 0.82104, 0.82379, 0.82211, 0.82424, 0.82224, 0.82244, 0.8218, 0.82096, 0.82425, 0.82462, 0.82415, 0.82312, 0.82379, 0.82157, 0.81989, 0.82114, 0.82193, 0.82226, 0.8212, 0.82091, 0.82256, 0.82195, 0.82159, 0.8204, 0.82226, 0.82252, 0.82196, 0.82143, 0.82054, 0.8205, 0.8219, 0.81974, 0.82233, 0.81988, 0.82211, 0.81936, 0.82392, 0.82088, 0.82221, 0.81926, 0.82207, 0.82455, 0.82108, 0.81995, 0.82142, 0.8219, 0.82317, 0.82366, 0.82161, 0.82259, 0.82035, 0.82111, 0.82275, 0.82114, 0.8213, 0.8202, 0.82262, 0.82553, 0.82094, 0.81964, 0.82201, 0.82293, 0.82232, 0.82069, 0.82295, 0.82244, 0.82188, 0.82167, 0.8187, 0.81958, 0.82159, 0.82267, 0.82216, 0.82514, 0.82261, 0.82344, 0.818, 0.82259, 0.82113, 0.81988, 0.8248, 0.82421, 0.82272, 0.82128, 0.82107, 0.82398, 0.82297, 0.82269, 0.82337, 0.8206, 0.82373, 0.82043, 0.82315, 0.82403, 0.82216, 0.82363, 0.82153, 0.82009, 0.82003, 0.82078, 0.82304, 0.82239, 0.82214, 0.81966, 0.82164, 0.82058, 0.82077, 0.81877, 0.82243, 0.8219, 0.82204, 0.82272, 0.82167, 0.82395, 0.8234, 0.82054, 0.82296, 0.82063, 0.82141, 0.82181, 0.82301, 0.82034, 0.8187, 0.82118, 0.82232, 0.82305, 0.81992, 0.82283, 0.82557, 0.82131, 0.82229, 0.82142, 0.82325, 0.81983, 0.82207, 0.81976, 0.82521, 0.82029, 0.82343, 0.82182, 0.82196, 0.82156, 0.81998, 0.82075, 0.82201, 0.82249, 0.8203, 0.82083, 0.8216, 0.82285, 0.82158, 0.81886, 0.82097, 0.82446, 0.82184, 0.8195, 0.82204, 0.8237, 0.82207, 0.8206, 0.82152, 0.82181, 0.82318, 0.81944, 0.8196, 0.82383, 0.82348, 0.82046, 0.81849, 0.81879, 0.82402, 0.82271, 0.82005, 0.82294, 0.82161, 0.82152, 0.82321, 0.82289, 0.81999, 0.82075, 0.82134, 0.82222, 0.82174, 0.8228, 0.82216, 0.82343, 0.8202, 0.82226, 0.82119, 0.82138, 0.82263, 0.82136, 0.824, 0.82241, 0.82279, 0.82126, 0.8183, 0.82122, 0.82323], "average_losses": [0.4640727556425333, 0.46199885066986085, 0.4675550772047043, 0.46554116847872734, 0.4650131625461578, 0.4655969333291054, 0.46624311761379245, 0.4640625407630205, 0.46135968483924866, 0.4610518980360031, 0.46288722240924834, 0.46631886701345443, 0.4645584395289421, 0.46845077082753184, 0.4694133868288994, 0.469299631152153, 0.46435890672683716, 0.4637766475725174, 0.47014409158706666, 0.4667431971645355, 0.46302545108318327, 0.46381009466290474, 0.46800606195092204, 0.4647048503029346, 0.46180238115131855, 0.4643347692799568, 0.4656824609816074, 0.4597207752561569, 0.4634501048231125, 0.467873388531208, 0.4626389633464813, 0.46421974566698077, 0.460957373008728, 0.46136492413282393, 0.46465308215379714, 0.45910580859422684, 0.4622799466919899, 0.4640870167469978, 0.46164617231488225, 0.4627316083216667, 0.459127856259346, 0.46547310870289804, 0.4636377420771122, 0.4640457105231285, 0.46685723515272143, 0.46537751920580867, 0.46933340534448625, 0.46337821274757385, 0.46071101779818535, 0.4618708450964093, 0.4625346325469017, 0.47241804802417753, 0.4610535925412178, 0.46441582515120505, 0.4627288791239262, 0.4671478269648552, 0.46314015524148944, 0.46196724313378335, 0.46417590542674064, 0.4645788369703293, 0.4656311931633949, 0.46324242428302764, 0.46156287865161894, 0.4620794940161705, 0.46543804933190347, 0.4660016286301613, 0.46018001193642616, 0.45614284856557846, 0.4633736143946648, 0.46711895824193955, 0.4662409218966961, 0.458194355738163, 0.46499337753772735, 0.4646092365145683, 0.4681898615628481, 0.4677707820534706, 0.4625888610804081, 0.4673327920794487, 0.4633531566154957, 0.46049817923903463, 0.4674821026682854, 0.46830194810390474, 0.45969968910574915, 0.4628616287663579, 0.46134335901618007, 0.4635193866801262, 0.4627002092421055, 0.46302986235439775, 0.4669557829785347, 0.4671405312132835, 0.4622130170357227, 0.46213500421524045, 0.4635734507465363, 0.46120442819714547, 0.4599248710989952, 0.4636907659161091, 0.4680454252529144, 0.4636503908839822, 0.46631702519655227, 0.4650602830517292, 0.47080751849412916, 0.45860141720056535, 0.46921180112719535, 0.4643577757573128, 0.46579857724428175, 0.4635797723829746, 0.4607600709402561, 0.46346790261268617, 0.4632661981511116, 0.46434977902412417, 0.4573598107624054, 0.46586913353681564, 0.464311256878376, 0.46115412379980086, 0.46552560069561005, 0.4649352230525017, 0.46106847821831703, 0.4627454974961281, 0.4625710264873505, 0.46706292701005936, 0.4605255135369301, 0.46102371272563936, 0.4619297539329529, 0.4573698359322548, 0.4622833685064316, 0.45954427181243895, 0.46466952667951583, 0.46619763919591906, 0.46472804384946825, 0.4667426424813271, 0.4680435338330269, 0.46638030308246614, 0.4641275260210037, 0.4641418159711361, 0.46377860545277594, 0.4688955899000168, 0.4673579212641716, 0.45961414363622666, 0.46815465441703796, 0.46677122160196305, 0.46306416080474855, 0.46298139078617095, 0.46187989685177805, 0.46338186968326567, 0.457899147516489, 0.4655726944899559, 0.4650233919143677, 0.46602643526792525, 0.4651353977239132, 0.463060704883337, 0.46034022057890894, 0.4575959170675278, 0.4624165163338184, 0.4630779543220997, 0.4626529029405117, 0.463462089086771, 0.46825427530288694, 0.4615632330751419, 0.4662620987761021, 0.4688701801931858, 0.46777681096792223, 0.4686057712781429, 0.462989289495945, 0.4620470686030388, 0.4624282785129547, 0.4607164991950989, 0.46439039573907853, 0.4632827284836769, 0.46200038025856016, 0.46129659276127816, 0.45802806552767755, 0.46112570142626763, 0.46008378410339357, 0.4617446883440018, 0.4655349816828966, 0.46717184505701065, 0.46571515413403514, 0.46170380716085435, 0.4658127598118782, 0.4650637856447697, 0.46833617567539215, 0.4686375250196457, 0.46903159298062325, 0.46366814877033236, 0.469419402204752, 0.4617753089356422, 0.4621942480313778, 0.4651989020228386, 0.4589801350736618, 0.46407768765211105, 0.463637785435915, 0.4623723538506031, 0.461325588721633, 0.4666099340033531, 0.46604051963686943, 0.46100442489385607, 0.4627593977570534, 0.4633206383323669, 0.45822012335538864, 0.4609816004633904, 0.4669641064983606, 0.4654173194360733, 0.46293869743943217, 0.4686624779611826, 0.46381404743552207, 0.4643797108399868, 0.46733681322813037, 0.46530210158348084, 0.46105387452840807, 0.46335192653894425, 0.4586571980524063, 0.459785346031189, 0.4644483555197716, 0.4652602320408821, 0.4604508901023865, 0.46291088985919954, 0.4671990538907051, 0.46616329841017723, 0.46190034036397937, 0.4683039713203907, 0.46607265959382055, 0.4658818719339371, 0.46026587112903594, 0.4607575595575571, 0.4649881965017319, 0.45980997231841086, 0.4659121468651295, 