{"learning_rate": 0.001, "epochs": 10, "batch_size": 32, "loss_fn": "CrossEntropyLoss", "optimizer": "AnalogOptimizerAdam", "accuracies": [0.86115, 0.86956, 0.87324, 0.87549, 0.87505, 0.87821, 0.87547, 0.87508, 0.87465, 0.87441, 0.87485, 0.8749, 0.87225, 0.8719, 0.87245, 0.87011, 0.8671, 0.86115, 0.86107, 0.85293, 0.85334, 0.8424, 0.81969, 0.80937, 0.81141, 0.80953, 0.80957, 0.80514, 0.8052, 0.81139, 0.80646, 0.81136, 0.80931, 0.80971, 0.81172, 0.81187, 0.80924, 0.81193, 0.81251, 0.81256], "average_losses": [0.3281186819696426, 0.3072901066040993, 0.30027722717642785, 0.29676713147640227, 0.2974577159035206, 0.2966816755568981, 0.29789290569901467, 0.30033994836628436, 0.2996123039543629, 0.30104621207714083, 0.30519979553699494, 0.30388231681346894, 0.30507181590378285, 0.3057935670304298, 0.31006464352846147, 0.3138718022084236, 0.32084620726943014, 0.327675038933754, 0.34554624783039095, 0.34628907672286036, 0.35768286814451217, 0.3785094232058525, 0.4226057976508141, 0.47476619266748427, 0.5313568029737472, 0.5292641550922393, 0.533695272796154, 0.5323589702415467, 0.5274950576639176, 0.5246333936834335, 0.5218557520127296, 0.5156077345216274, 0.516035874915123, 0.5186667456388474, 0.5221422404527665, 0.5153970690059662, 0.511947877087593, 0.5151534426403046, 0.5163864546823501, 0.5212214145565033]}