{"learning_rate": 0.001, "epochs": 10, "batch_size": 32, "loss_fn": "CrossEntropyLoss", "optimizer": "AnalogOptimizerAdam", "accuracies": [0.9007, 0.90895, 0.9043, 0.907, 0.90495, 0.90297, 0.89794, 0.89529, 0.89597, 0.89577, 0.89567, 0.89619, 0.89458, 0.89592, 0.89599, 0.89565, 0.89601, 0.89559, 0.89602, 0.89625, 0.89572, 0.89443, 0.89452, 0.89519, 0.89482, 0.89467, 0.89361, 0.89371, 0.89533, 0.89595, 0.89508, 0.89539, 0.8952, 0.89507, 0.89578, 0.89552, 0.89509, 0.89567, 0.89415, 0.89552], "average_losses": [0.23226590709075332, 0.2092564442758262, 0.21035584929287435, 0.21127533979535104, 0.21751218364417552, 0.22808432681560517, 0.2426366475351155, 0.2574078817218542, 0.259963425604105, 0.2788825849056244, 0.2811409856212139, 0.29087033491283654, 0.2974201462429762, 0.31266164654374123, 0.327888118891716, 0.3302302781867981, 0.3259007542169094, 0.32763753618240354, 0.32526430287241936, 0.3301986466312408, 0.3317001308333874, 0.39248887021541595, 0.3784383466315269, 0.38153920934200286, 0.38565279733181, 0.3413738483142853, 0.33617995119154453, 0.34936388934522866, 0.3855359048974514, 0.3915092682349682, 0.38995412048101424, 0.34805529094696047, 0.4097116609740257, 0.40080215081214904, 0.3700427209872659, 0.4029084337615967, 0.40076467809915545, 0.3973814356279373, 0.39735075108647344, 0.3743800272125006]}