{"learning_rate": 0.001, "epochs": 30, "batch_size": 32, "loss_fn": "CrossEntropyLoss", "optimizer": "AnalogOptimizerAdam", "accuracies": [0.87497, 0.87517, 0.86278, 0.81452, 0.81286, 0.81202, 0.81317, 0.81367, 0.8132, 0.81414, 0.81302, 0.81363, 0.81431, 0.81447, 0.81457, 0.81457, 0.81469, 0.81464, 0.81444, 0.8139, 0.8147, 0.8146, 0.81439, 0.81453, 0.81466, 0.81457, 0.81452, 0.81427, 0.8146, 0.81432], "average_losses": [0.2996753430616856, 0.30015610017061234, 0.3244265485262871, 0.42627658648014066, 0.5059282304430008, 0.5232264961338043, 0.5244889127397537, 0.5242813292074203, 0.5269850933647156, 0.5233035834026337, 0.5329406101942062, 0.539990113363266, 0.5415099273252487, 0.539658778886795, 0.5334733508205414, 0.5327102233505249, 0.5341352681446075, 0.5346970069599152, 0.5321892962074279, 0.5331865287685394, 0.5221754608011245, 0.5117969677686691, 0.522895597076416, 0.5207302567338944, 0.5263531500005723, 0.5179141444873809, 0.5189127806711197, 0.5208503923749924, 0.5213709560298919, 0.5112677272415161]}