{"learning_rate": 0.001, "epochs": 10, "batch_size": 32, "loss_fn": "CrossEntropyLoss", "optimizer": "AnalogOptimizerAdam", "accuracies": [0.86991, 0.87371, 0.87294, 0.86851, 0.87173, 0.87177, 0.86843, 0.87078, 0.86931, 0.864], "average_losses": [0.30913583842515946, 0.29956001539707183, 0.30441661115050317, 0.3047341123187542, 0.3042023003363609, 0.3078273929095268, 0.3132155349981785, 0.3138089186632633, 0.3180736159610748, 0.3293894683265686]}