{"learning_rate": 0.001, "epochs": 10, "batch_size": 32, "loss_fn": "CrossEntropyLoss", "optimizer": "AnalogOptimizerAdam", "accuracies": [0.89991, 0.91486, 0.91723, 0.91604, 0.91601, 0.91262, 0.91133, 0.90986, 0.90816, 0.9084, 0.90309, 0.89605, 0.89407, 0.88914, 0.88871, 0.8811, 0.88282, 0.88205, 0.87819, 0.87792, 0.87839, 0.87833, 0.87732, 0.87676, 0.87869, 0.87801, 0.88139, 0.87804, 0.87733, 0.87428, 0.87628, 0.87601, 0.8774, 0.87738, 0.87721, 0.87759, 0.87719, 0.87754, 0.8775, 0.87725], "average_losses": [0.24792885771989823, 0.2182047687190771, 0.20856879741430281, 0.21103234110534191, 0.21430978063791992, 0.2173932823345065, 0.22028766909003258, 0.219600023522377, 0.22336490076601506, 0.22903613482356072, 0.2426245306622982, 0.2545853969156742, 0.2698572667551041, 0.27031834627389906, 0.2854932021892071, 0.2803071835798025, 0.31747320288658143, 0.3146333552324772, 0.3529479730904102, 0.35733558727622033, 0.3841959583476186, 0.40655942716903987, 0.38456686984062194, 0.401587851088047, 0.3979577014183998, 0.3750803422141075, 0.4274147573208809, 0.39505997455596925, 0.36826568346619604, 0.4408462687730789, 0.4343945869684219, 0.3841213428580761, 0.4417460387325287, 0.4551089991188049, 0.46420699313163755, 0.444588840675354, 0.4464739195394516, 0.4424981550073624, 0.4603413300475478, 0.470382254858017]}