{"learning_rate": 0.001, "epochs": 10, "batch_size": 32, "loss_fn": "CrossEntropyLoss", "optimizer": "AnalogOptimizerAdam", "accuracies": [0.85725, 0.86704, 0.87362, 0.87343, 0.8767, 0.87517, 0.87739, 0.87521, 0.8768, 0.87415, 0.87512, 0.87241, 0.87126, 0.85704, 0.85228, 0.84236, 0.83459, 0.81805, 0.8166, 0.81438, 0.8106, 0.81043, 0.81136, 0.81154, 0.81166, 0.81004, 0.81179, 0.81094, 0.80877, 0.80703, 0.8102, 0.81198, 0.80754, 0.81049, 0.812, 0.80841, 0.80812, 0.80923, 0.80904, 0.81048], "average_losses": [0.33204788471341135, 0.3089200999641418, 0.30023090779304507, 0.2980349742460251, 0.29727601816535, 0.29548354214191436, 0.299676932322979, 0.29780163993954656, 0.29864527556180953, 0.29888638152599334, 0.30021821347475053, 0.3036410154151917, 0.30847314067840576, 0.3248711993122101, 0.34418038081645963, 0.36423711397647857, 0.3866200819015503, 0.42424361658096316, 0.44784583047389986, 0.48650341152668, 0.4953995251584053, 0.5004374091529846, 0.5136041546583175, 0.5143992780733109, 0.5113462305402756, 0.515801763753891, 0.516905986354351, 0.5225585524368286, 0.5240565640711784, 0.5804555409526825, 0.6524542580842971, 0.6606766712403297, 0.6141999713277817, 0.5711562236762047, 0.6501890927433968, 0.5445013556718826, 0.5464584544515609, 0.543981402683258, 0.5395675434446335, 0.5510643096256256]}