{"learning_rate": 0.001, "epochs": 10, "batch_size": 32, "loss_fn": "CrossEntropyLoss", "optimizer": "AnalogOptimizerAdam", "accuracies": [0.86853, 0.87936, 0.88163, 0.88355, 0.88626, 0.88334, 0.88482, 0.88283, 0.8829, 0.8832, 0.88293, 0.88459, 0.88233, 0.88216, 0.88069, 0.87958, 0.87648, 0.87054, 0.86426, 0.85935, 0.85696, 0.84274, 0.84055, 0.83068, 0.81948, 0.81746, 0.81034, 0.81003, 0.80706, 0.80851, 0.81081, 0.81074, 0.81204, 0.81228, 0.81137, 0.81302, 0.80722, 0.81286, 0.80892, 0.78406], "average_losses": [0.3125186095380783, 0.29542670498371126, 0.28521479464173316, 0.2840091254782677, 0.28514469672560694, 0.2826900178420544, 0.28117580654025076, 0.28358017502784727, 0.28380504521131517, 0.2835178057646751, 0.2876663365972042, 0.28473995725989343, 0.2873251517355442, 0.28999850110292436, 0.2902717617630959, 0.2974471770846844, 0.3000994777131081, 0.31078390209198, 0.3214191774320602, 0.33496967292785645, 0.3492128693342209, 0.38021127678155897, 0.38301954720497133, 0.4064183677697182, 0.4182834813594818, 0.4488356430387497, 0.5079694662308692, 0.5145640352463722, 0.5211709813213349, 0.5225248861503601, 0.5263831712007523, 0.5213411954832077, 0.5191243125700951, 0.5277705490684509, 0.5216563830280304, 0.5339850020122529, 0.5352644125652313, 0.538724427022934, 0.5513030306816101, 0.7753710098695755]}