{"learning_rate": 0.001, "epochs": 10, "batch_size": 32, "loss_fn": "CrossEntropyLoss", "optimizer": "AnalogOptimizerAdam", "accuracies": [0.80543, 0.86111, 0.87147, 0.87405, 0.86188, 0.87633, 0.87746, 0.87714, 0.86909, 0.878, 0.87742, 0.87471, 0.87067, 0.87676, 0.87841, 0.87393, 0.86646, 0.87206, 0.86554, 0.85692, 0.8533, 0.84988, 0.84053, 0.83187, 0.83019, 0.81447, 0.81036, 0.81127, 0.80782, 0.80904, 0.80964, 0.80981, 0.80131, 0.81079, 0.80996, 0.80951, 0.80724, 0.81059, 0.81372, 0.81125], "average_losses": [0.5484108868741989, 0.3194426625609398, 0.30402162945985794, 0.3011999214267731, 0.31640563883304595, 0.29575000278949737, 0.29631560295820236, 0.2944477288746834, 0.30603735839247703, 0.29656865706324576, 0.29453632390856743, 0.29958515362977983, 0.307629604113102, 0.29887572970867154, 0.30035944058775904, 0.30963188030481337, 0.3158693177366257, 0.30848490538179874, 0.32156361320018767, 0.3367427211833, 0.3607299718880653, 0.3547655047464371, 0.3702465093445778, 0.38712602464199064, 0.4438311201262474, 0.43543225491046905, 0.4459602040576935, 0.47042812104463577, 0.49524589972019195, 0.5089174470424652, 0.5096067690229416, 0.5101590328979492, 0.5358527736902237, 0.5097991635799408, 0.506372873032093, 0.5030144023656845, 0.5119609714508057, 0.5021199067687988, 0.5005777674818039, 0.49973941246986386]}