{"learning_rate": 0.001, "epochs": 10, "batch_size": 32, "loss_fn": "CrossEntropyLoss", "optimizer": "AnalogOptimizerAdam", "accuracies": [0.8614, 0.87216, 0.87357, 0.8755, 0.87658, 0.87749, 0.87678, 0.87721, 0.87667, 0.8764, 0.87327, 0.86888, 0.87007, 0.86328, 0.85564, 0.84056, 0.83884, 0.8235, 0.81511, 0.8092, 0.80942, 0.80944, 0.81175, 0.81003, 0.81064, 0.80869, 0.81048, 0.81246, 0.81278, 0.8131, 0.81243, 0.81294, 0.81286, 0.81362, 0.81393, 0.81234, 0.81331, 0.81438, 0.81404, 0.81392], "average_losses": [0.32696829127550125, 0.3033236631298065, 0.2999896963763237, 0.29860219164371493, 0.29810694135427473, 0.29600686269283294, 0.29943816561222075, 0.2973860273849964, 0.3013762534940243, 0.2986185299038887, 0.30371005791664124, 0.3115445361924171, 0.3170022069311142, 0.32689815049409865, 0.3369198444330692, 0.3619974644422531, 0.389039642162323, 0.42517358892917634, 0.43827440457820893, 0.5328331341171265, 0.5217817106318474, 0.5242408883142471, 0.5345611245703698, 0.5225979487848282, 0.5176641012096405, 0.5221426299142837, 0.5126842492580413, 0.5225226633882523, 0.5203156563091278, 0.5051593445944786, 0.5051915409946441, 0.5046061393475533, 0.5035596571612359, 0.5015343387770653, 0.49917502824306487, 0.5032374628686905, 0.5034776580762863, 0.5017067958211899, 0.5025501458501815, 0.5026754453229905]}