{"learning_rate": 0.001, "epochs": 10, "batch_size": 32, "loss_fn": "CrossEntropyLoss", "optimizer": "AnalogOptimizerAdam", "accuracies": [0.85955, 0.86944, 0.87228, 0.87744, 0.87604, 0.87722, 0.87619, 0.8786, 0.87643, 0.87451, 0.87704, 0.87431, 0.87611, 0.87251, 0.87346, 0.87262, 0.87204, 0.87187, 0.87034, 0.86719, 0.86175, 0.8546, 0.84463, 0.83853, 0.83415, 0.82512, 0.81532, 0.80569, 0.80743, 0.80704, 0.80851, 0.80359, 0.80777, 0.81163, 0.80843, 0.81208, 0.81015, 0.81335, 0.81374, 0.81395], "average_losses": [0.3278820198607445, 0.3086155620121956, 0.300791712667942, 0.29814673290252686, 0.2953479154789448, 0.2978832674634457, 0.29765500933647154, 0.30106277572870255, 0.30092723972082136, 0.2983020495033264, 0.2983872219991684, 0.2995432850086689, 0.3014167990398407, 0.3065735899579525, 0.30457728212475776, 0.307585053498745, 0.30600621262669564, 0.3097784974396229, 0.3150786020600796, 0.31776722137451174, 0.3311768786144257, 0.348278448394537, 0.3634878808879852, 0.3805285336828232, 0.39197111300468446, 0.4131266771531105, 0.4397772762966156, 0.5167539126849174, 0.5266670829248429, 0.5338476782774926, 0.5455273099660873, 0.5810569603204727, 0.5283336346387864, 1.2922647827959062, 1.4188894768953324, 0.5152840079545975, 0.5192017555427552, 0.5174908150672912, 0.5033610723614693, 0.5133811733675003]}