{"learning_rate": 0.001, "epochs": 10, "batch_size": 32, "loss_fn": "CrossEntropyLoss", "optimizer": "AnalogOptimizerAdam", "accuracies": [0.82415, 0.82509, 0.82332, 0.82196, 0.82252, 0.82238, 0.82247, 0.82403, 0.82009, 0.82459, 0.82439, 0.82448, 0.82255, 0.82164, 0.82115, 0.82289, 0.82178, 0.82319, 0.8234, 0.82533, 0.82211, 0.82181, 0.82282, 0.82428, 0.82224, 0.82488, 0.82561, 0.82147, 0.82321, 0.81999, 0.82201, 0.8214, 0.82327, 0.82381, 0.82341, 0.82146, 0.82296, 0.82193, 0.82282, 0.82454, 0.82137, 0.82269, 0.82362, 0.82278, 0.82132, 0.82171, 0.82063, 0.82247, 0.82479, 0.82227, 0.82214, 0.82202, 0.82292, 0.82276, 0.82176, 0.82309, 0.8251, 0.82159, 0.82094, 0.82397, 0.82133, 0.82227, 0.8239, 0.82329, 0.82584, 0.82171, 0.82222, 0.82143, 0.82203, 0.82393, 0.8216, 0.82357, 0.8223, 0.82264, 0.82289, 0.82336, 0.82116, 0.82335, 0.82206, 0.82251, 0.82343, 0.825, 0.82191, 0.82452, 0.82196, 0.82198, 0.8226, 0.82136, 0.82376, 0.82268, 0.82181, 0.82336, 0.82345, 0.8238, 0.82304, 0.82301, 0.82261, 0.82157, 0.82323, 0.82379, 0.82151, 0.82097, 0.82269, 0.82337, 0.82448, 0.82283, 0.82287, 0.82459, 0.82246, 0.8259, 0.82341, 0.82021, 0.82273, 0.82198, 0.82225, 0.82244, 0.82274, 0.82313, 0.82283, 0.82063, 0.82131, 0.82326, 0.82369, 0.82228, 0.82197, 0.82311, 0.82249, 0.82147, 0.82288, 0.8228, 0.82369, 0.82312, 0.82363, 0.82275, 0.82381, 0.8242, 0.82425, 0.8218, 0.8227, 0.82233, 0.82383, 0.82183, 0.82289, 0.8237, 0.82064, 0.82298, 0.82141, 0.82303, 0.82334, 0.82453, 0.82346, 0.82173, 0.82294, 0.82084, 0.82076, 0.82115, 0.82325, 0.82185, 0.82237, 0.82406, 0.82247, 0.82379, 0.82549, 0.82105, 0.82404, 0.82066, 0.8244, 0.82267, 0.82343, 0.82329, 0.82075, 0.82355, 0.824, 0.82356, 0.82294, 0.82334, 0.82123, 0.82526, 0.82418, 0.82364, 0.82307, 0.82117, 0.82213, 0.82427, 0.82208, 0.82211, 0.82114, 0.8241, 0.82547, 0.82158, 0.82204, 0.82239, 0.82563, 0.82395, 0.82194, 0.82307, 0.81936, 0.82248, 0.82312, 0.82065, 0.82382, 0.82157, 0.82002, 0.82318, 0.82424, 0.82322, 0.82219, 0.82392, 0.82431, 0.82256, 0.82102, 0.82233, 0.82433, 0.82052, 0.82219, 0.82191, 0.82219, 0.82627, 0.8259, 0.82595, 0.82289, 0.82383, 0.8207, 0.82375, 0.82152, 0.82345, 0.82282, 0.82559, 0.82263, 0.82304, 0.82265, 0.82298, 0.82406, 0.82273, 0.82248, 0.81933, 0.8215, 0.82449, 0.824, 0.82305, 0.82146, 0.82349, 0.82259, 0.82229, 0.82413, 0.82218, 0.82216, 0.82294, 0.82234, 0.82279, 0.8219, 0.82177, 0.82326, 0.82071, 0.82089, 0.82169, 0.82317, 0.82138, 0.82485, 0.82123, 0.82206, 0.82261, 0.8237, 0.82198, 0.8228, 0.82347, 0.82127, 0.82337, 0.82259, 0.82278, 0.82239, 0.82234, 0.82241, 0.82515, 0.82181, 0.82146, 0.82366, 0.82287, 0.82508, 0.82047, 0.82309, 0.82426, 0.82168, 0.82287, 0.82162, 0.82218, 0.82313, 0.82232, 0.82556, 0.82174, 0.82137, 0.82115, 0.82122, 0.82256, 0.82214, 0.82097, 0.82024, 0.82485, 0.82287, 0.82193, 0.82134, 0.82226, 0.82166, 0.82369, 0.82146, 0.82486, 0.82353, 0.82223, 0.82523, 0.82041, 0.82135, 0.82434, 0.82239, 0.81962, 0.82081, 0.82136, 0.82232, 0.82132, 0.82292, 0.82466, 0.82517, 0.81878, 0.82105, 0.82141, 0.82171, 0.82266, 0.82118, 0.82173, 0.82375, 0.8231, 0.81912, 0.82105, 0.82528, 0.8228, 0.82067, 0.82102, 0.82407, 0.8224, 0.82115, 0.82192, 0.82226, 0.82139, 0.82312, 0.82355, 0.82268, 0.82209, 0.82118, 0.82141, 0.82295, 0.82337, 0.82377, 0.82429, 0.82319, 0.82278, 0.82186, 0.82562, 0.82284, 0.82317, 0.82241, 0.82274], "average_losses": [0.43838230470776557, 0.4382599465346336, 0.4426429597854614, 0.4403801372361183, 0.4392640338730812, 0.43780684318304064, 0.442228789935112, 0.4421859476423264, 0.44682853990793225, 0.441755624063015, 0.44081535135984423, 0.43749669675827024, 0.4425685712492466, 0.44547094065189363, 0.4413614777994156, 0.4413749184989929, 0.44025449927687643, 0.44329441326379776, 0.4385174058461189, 0.4388762349367142, 0.44247396225452423, 0.44712640073537824, 0.4426412886500359, 0.4363896891236305, 0.4464151447534561, 0.4404553095769882, 0.4375033475387096, 0.4451660436606407, 0.44537003499150274, 0.4421350681769848, 0.44358652429580686, 0.4439741654515266, 0.4435079955983162, 0.4404072648537159, 0.44386037967920305, 0.43927172339200976, 0.44181399766921997, 0.44285752145290375, 0.44037160077095033, 0.4364762298077345, 0.4439685276627541, 0.4407705382847786, 0.44102138766288757, 0.44388663281917573, 0.4425373567533493, 0.44272469965219496, 0.4439852088809013, 0.4431542503631115, 0.4402021224087477, 0.4449409970247746, 0.44236860082149504, 0.4444800365996361, 0.44097753858208655, 0.4429762738585472, 0.4448780899357796, 0.44287491060495376, 0.4390017385494709, 0.4432595333099365, 0.4387976808094978, 0.44097016928315164, 0.4455996765112877, 0.44380034580111505, 0.43964615325927736, 0.4433350161290169, 0.44378226498365403, 0.44044960438489916, 0.44450034981012343, 0.4479017926156521, 0.44325525588870046, 0.44046402556777, 0.4453309704709053, 0.4385632518982887, 0.443111003985405, 0.44172318176865577, 0.44017320558667183, 0.4404908888852596, 0.44204674842834474, 0.439842127314806, 0.44446366984725, 0.43869617253780363, 0.4409313338065147, 0.43825327006578446, 0.44047756262421606, 0.4378660363507271, 0.44605155727267265, 0.440385288091898, 0.4429555709433556, 0.4429072388291359, 0.4439869402682781, 0.44005682282447817, 0.4398984016442299, 0.4392973114538193, 0.43867508399367333, 0.44000284171819687, 0.44141095825076104, 0.4447906373357773, 0.4431654215693474, 0.446033696668148, 0.43967142085552213, 0.4398544298195839, 0.4464685775637627, 0.44632194724082946, 0.4389014661002159, 0.4409090563225746, 0.4388216391277313, 0.44501373022556306, 0.44415624141693116, 0.43807839693665507, 0.444428040933609, 0.4422992531323433, 0.4440656507384777, 0.44300086150765416, 0.44295775894880296, 0.44077371820926664, 0.44378114344716074, 0.4444260959839821, 0.44302078302145004, 0.43943453609347344, 0.44044637316823004, 0.4469050794363022, 0.44186883689403533, 0.4392154984498024, 0.43892350484251974, 0.4441978624010086, 0.44120441243290903, 0.44036761762857435, 0.4405539736664295, 0.43983813188552856, 0.4433340178310871, 0.4424587459087372, 0.4390079094445705, 0.4434074015772343, 0.44171280977249144, 0.43898696441888807, 0.43954227318525313, 0.4375518204164505, 0.4384322528004646, 0.4445070139503479, 0.4445379640293121, 0.44400075630903246, 0.44004625681877135, 0.4417100902724266, 0.44193333007097246, 0.4390048632597923, 0.4453266559648514, 0.44314889961123466, 0.4436957252216339, 0.43854708949923515, 0.4377836242222786, 0.4363963024967909, 0.4432724802207947, 0.44529846771121023, 0.4412248567473888, 0.4423675115776062, 0.4442402262675762, 0.4411223569893837, 0.4403101675736904, 0.44520443524837494, 0.44579850576519964, 0.4421646028494835, 0.44232388544917106, 0.4444375730729103, 0.4377399664783478, 0.44475388847112657, 0.4389522517299652, 0.44245181629896163, 0.44052955477237704, 0.44163762813925744, 0.43976889991760254, 0.44114403106689454, 0.4463550177192688, 0.4387184686565399, 0.44571543514549733, 0.44279450957894323, 0.4443770287132263, 0.44089543762087824, 0.44443178706765174, 0.43605203988313673, 0.44282851471185686, 0.4413751050925255, 0.4403331756365299, 0.44451995373010633, 0.4438511949634552, 0.44226563080787656, 0.4422889259719849, 0.44319423201560976, 0.4436599638128281, 0.4410614007639885, 0.4365049237823486, 0.4408650782728195, 0.44027085834264756, 0.4382872198426723, 0.4334444798827171, 0.44141831451773644, 0.4426345210802555, 0.43684876226186753, 0.44453985921382905, 0.4422983843708038, 0.43908124663829806, 0.442843694190979, 0.43652619385242464, 0.44538150794267656, 0.4481090565741062, 0.44456935718059537, 0.4384928656029701, 0.442750711581707, 0.4443442903447151, 0.44241485321998597, 0.43925864717960356, 0.4347644518482685, 0.44239928318738936, 0.44524302427172663, 0.4410659160208702, 0.4449639068698883, 0.4423817652416229, 0.44156821389436723, 0.4422296333265305, 0.4373177751779556, 0.43681388832330703, 0.4375182667195797, 0.44022118908524516, 0.43940304615020753, 0.4425396728801727, 0.43642717740535736, 0.4448284159684181, 0.438765570127964, 0.4399427965641022, 