{"learning_rate": 0.001, "epochs": 10, "batch_size": 32, "loss_fn": "CrossEntropyLoss", "optimizer": "AnalogOptimizerAdam", "accuracies": [0.80089, 0.80125, 0.80707, 0.80676, 0.80306, 0.80943, 0.81346, 0.81138, 0.81478, 0.81336, 0.80722, 0.81381, 0.8118, 0.81674, 0.81363, 0.8131, 0.81795, 0.81335, 0.81841, 0.81748, 0.81226, 0.81477, 0.81557, 0.81646, 0.81613, 0.8197, 0.81494, 0.81881, 0.81691, 0.81327, 0.81694, 0.81776, 0.81649, 0.82097, 0.81462, 0.8166, 0.80976, 0.81593, 0.81619, 0.81525], "average_losses": [0.5604541902995109, 0.5431917171287537, 0.5346622209835052, 0.5295535466885567, 0.5383287074375153, 0.5176070030963421, 0.514208781683445, 0.5105939423334599, 0.5251445066702366, 0.5152233472728729, 0.5136548074650764, 0.5102950927758216, 0.5074909343230725, 0.5034247805738449, 0.5070859457063674, 0.5076498861193657, 0.5020912147498131, 0.5009783590483665, 0.49764064814329145, 0.5101324527347088, 0.5141237359440327, 0.5054052533268929, 0.5066095869624615, 0.4998256459856033, 0.5019851757490635, 0.5064113748788833, 0.4988830846309662, 0.5123850164294242, 0.5057024243044853, 0.5023208305203914, 0.4996717761659622, 0.4949481767296791, 0.5017226735162735, 0.5008500671136379, 0.5078898832130432, 0.5077553568482399, 0.5188603184390068, 0.5050764839887619, 0.5024432953190804, 0.498430039730072]}