{"learning_rate": 0.001, "epochs": 10, "batch_size": 32, "loss_fn": "CrossEntropyLoss", "optimizer": "AnalogOptimizerAdam", "accuracies": [0.85373, 0.87066, 0.87231, 0.87604, 0.87449, 0.87605, 0.87629, 0.87649, 0.87274, 0.8774, 0.87561, 0.86989, 0.87118, 0.86273, 0.85261, 0.84565, 0.84312, 0.83123, 0.82239, 0.81701, 0.81333, 0.80748, 0.81021, 0.81093, 0.81032, 0.81144, 0.81125, 0.80828, 0.8117, 0.80747, 0.80844, 0.81019, 0.81259, 0.80617, 0.81283, 0.8098, 0.813, 0.81118, 0.81249, 0.81336], "average_losses": [0.3488509144473076, 0.3089337374484539, 0.3022626144862175, 0.29763026026010514, 0.2986374717283249, 0.29805960356235506, 0.29798400832057, 0.3005525820112228, 0.2989049759018421, 0.30046782913923265, 0.31075290231227876, 0.31025644441246986, 0.3118751976013184, 0.32221916484713553, 0.35206004481077197, 0.36424467866420746, 0.3700676331663132, 0.39362830463171006, 0.4091344541168213, 0.41978863453388215, 0.42588616139888763, 0.4584980423259735, 0.49040377895355225, 0.49205376111268995, 0.5063869022750854, 0.5052308669805526, 0.5082527445149422, 0.5102641813659669, 0.5103666974544525, 0.512823195142746, 0.5902534507822991, 0.5619943782401084, 0.5099655827236176, 0.5137184372377396, 0.5049656902766227, 0.5034585355663299, 0.5058241436195373, 0.4988279874515533, 0.49442633826732635, 0.49199310767650606]}