{"learning_rate": 0.001, "epochs": 10, "batch_size": 32, "loss_fn": "CrossEntropyLoss", "optimizer": "AnalogOptimizerAdam", "accuracies": [0.86222, 0.87211, 0.87576, 0.87717, 0.87499, 0.8762, 0.87851, 0.87664, 0.87611, 0.87412, 0.87363, 0.87482, 0.87361, 0.87152, 0.87426, 0.87236, 0.87229, 0.87112, 0.86386, 0.86149, 0.8501, 0.84423, 0.83617, 0.8235, 0.81361, 0.81013, 0.81039, 0.81036, 0.80829, 0.81026, 0.8105, 0.81218, 0.8099, 0.81234, 0.81198, 0.81207, 0.81132, 0.81225, 0.81289, 0.8118], "average_losses": [0.32639744040727614, 0.3052319507217407, 0.2995819173073769, 0.29705157737255095, 0.2952684280025959, 0.29719984694719315, 0.29888174743175505, 0.29897481053352354, 0.29848687035679816, 0.2986176114714146, 0.3011527941572666, 0.3010088797736168, 0.30303314749717714, 0.3052046311914921, 0.3033889983022213, 0.3096468006658554, 0.3136145937466621, 0.31393964564681054, 0.3193834168457985, 0.33304065935373306, 0.3610194871711731, 0.3701561681854725, 0.3861433784008026, 0.4208683799314499, 0.6408731129419803, 0.639203972530365, 0.5352553878211975, 0.532792893667221, 0.5239995359659195, 0.5263178274774551, 0.5233082368230819, 0.5231078854179382, 0.5211507349300385, 0.5256833615779877, 0.5217107130146027, 0.5342079462099075, 0.5294075462198258, 0.5251379909753799, 0.5269863353681564, 0.5253143237304687]}