{"learning_rate": 0.001, "epochs": 10, "batch_size": 32, "loss_fn": "CrossEntropyLoss", "optimizer": "AnalogOptimizerAdam", "accuracies": [0.85587, 0.86502, 0.86669, 0.87055, 0.86961, 0.87053, 0.86913, 0.87035, 0.87209, 0.87021, 0.86681, 0.86786, 0.86811, 0.87022, 0.86904, 0.87091, 0.86822, 0.86565, 0.86828, 0.86658, 0.86608, 0.86457, 0.86336, 0.85963, 0.8522, 0.84823, 0.84181, 0.84036, 0.8347, 0.83344, 0.82423, 0.81606, 0.81067, 0.8066, 0.80657, 0.80968, 0.80989, 0.81139, 0.81046, 0.81001], "average_losses": [0.3502006852209568, 0.32416045414090155, 0.31440517909049986, 0.3080962023127079, 0.30622463767290115, 0.3058103658628464, 0.3079523088824749, 0.3053784698367119, 0.30411168194055554, 0.30510457126140594, 0.3090481951856613, 0.30713764768123625, 0.310133147213459, 0.30749068396449086, 0.3091464804756641, 0.3064612010753155, 0.3120356826686859, 0.3140131375432014, 0.3152234861290455, 0.3165156066930294, 0.31823864017009734, 0.3242984446811676, 0.3326553051733971, 0.33790885931253434, 0.3541245246720314, 0.37169030000925063, 0.38159385174274446, 0.39124690222024916, 0.4031327681016922, 0.4117924742817879, 0.42745036452770235, 0.4453530182814598, 0.4802972412776947, 0.4860419687414169, 0.4899160897874832, 0.4997474243021011, 0.5017445626759529, 0.5114119447660446, 0.5084353959846497, 0.5084510342526436]}