{"learning_rate": 0.001, "epochs": 10, "batch_size": 32, "loss_fn": "CrossEntropyLoss", "optimizer": "AnalogOptimizerAdam", "accuracies": [0.87826, 0.88681, 0.8885, 0.89249, 0.89166, 0.88962, 0.88872, 0.88976, 0.89141, 0.8891, 0.89135, 0.89273, 0.89013, 0.89235, 0.89194, 0.89157, 0.88949, 0.89272, 0.88855, 0.88739, 0.884, 0.87767, 0.86771, 0.85452, 0.8516, 0.84973, 0.85565, 0.84085, 0.83077, 0.82907, 0.82926, 0.83007, 0.81528, 0.828, 0.81041, 0.82374, 0.83099, 0.829, 0.81991, 0.82159], "average_losses": [0.29493784904956816, 0.2778802171325684, 0.2726568168324232, 0.2690883090186119, 0.2658567369401455, 0.27002849320054056, 0.26888133789420127, 0.2677709803891182, 0.2675622763705254, 0.26877174685835836, 0.2674647893500328, 0.2675546824336052, 0.2691798236680031, 0.26680483297467233, 0.2690549423146248, 0.27218834270596504, 0.2720538946175575, 0.26925337002038957, 0.2746532664835453, 0.2780870630800724, 0.2857246717822552, 0.29466427146077157, 0.318081531894207, 0.3441587421691418, 0.3473612063241005, 0.3575631772542, 0.35582585146903994, 0.37410663511514664, 0.40689558609247206, 0.4152161991548538, 0.4156036899280548, 0.42905323063850404, 0.4352179819202423, 0.4265693688559532, 0.4658838189482689, 0.43902225832939146, 0.4366959567260742, 0.45713608593940736, 0.4424523784542084, 0.447133327023983]}