{"learning_rate": 0.001, "epochs": 30, "batch_size": 32, "loss_fn": "CrossEntropyLoss", "optimizer": "AnalogOptimizerAdam", "accuracies": [0.82063, 0.81598, 0.80847, 0.80462, 0.80412, 0.80175, 0.80699, 0.8113, 0.81204, 0.81112, 0.81265, 0.81353, 0.81408, 0.81346, 0.81371, 0.81413, 0.81386, 0.81406, 0.81344, 0.81329, 0.81334, 0.81381, 0.81394, 0.81413, 0.81412, 0.81397, 0.81453, 0.81443, 0.81437, 0.81405], "average_losses": [0.39571260991096496, 0.4115362763500214, 0.4327755679011345, 0.49836943508148196, 0.5409187812757492, 0.5490638742661477, 0.534459230940342, 0.5199607037782669, 0.514182821624279, 0.5132049314928054, 0.5197773131179809, 0.5195795410203934, 0.5283188101291656, 0.5186299646592141, 0.5170057062244415, 0.5200963669490815, 0.5169743221640587, 0.5236938147473336, 0.521257993042469, 0.5240743536019326, 0.5222264221286773, 0.5199185782933236, 0.5207615194034576, 0.5303503831720352, 0.5304512959098816, 0.5295158661556244, 0.5400269824075699, 0.5318306358289718, 0.5417053129172326, 0.5512591960883141]}