{"learning_rate": 0.001, "epochs": 10, "batch_size": 32, "loss_fn": "CrossEntropyLoss", "optimizer": "AnalogOptimizerAdam", "accuracies": [0.86001, 0.87086, 0.87295, 0.87527, 0.87445, 0.87426, 0.87632, 0.87625, 0.87728, 0.8753, 0.87457, 0.87573, 0.87038, 0.86566, 0.85957, 0.85199, 0.84614, 0.83328, 0.82774, 0.82292, 0.82076, 0.81108, 0.81185, 0.81018, 0.80883, 0.81075, 0.8125, 0.81184, 0.81119, 0.81192, 0.81057, 0.81122, 0.81252, 0.81132, 0.81209, 0.81351, 0.81331, 0.81321, 0.81414, 0.81401], "average_losses": [0.32884796166658403, 0.3053964268541336, 0.30240800948381424, 0.2999855628991127, 0.3003070392727852, 0.29852095327734945, 0.3006655791068077, 0.29921032060861585, 0.2989262318730354, 0.30249027265310285, 0.3022177762246132, 0.30339550223350525, 0.3131366887950897, 0.3168674976849556, 0.32962071128726006, 0.34417966525554655, 0.35613622671842576, 0.394893544793129, 0.39393673248291017, 0.4005561297917366, 0.415454883890152, 0.47958477013111117, 0.5004719291496277, 0.5045351193857193, 0.5030993026590347, 0.5035504788398742, 0.5049386166667938, 0.49883911530971525, 0.49969833970546723, 0.500963555855751, 0.5104696243238449, 0.5014149701523781, 0.49486759244441986, 0.49828653745651247, 0.49723701364517214, 0.4949655411267281, 0.4936171860218048, 0.49477082851171494, 0.4955112866592407, 0.49740412244319915]}