{"learning_rate": 0.001, "epochs": 30, "batch_size": 32, "loss_fn": "CrossEntropyLoss", "optimizer": "AnalogOptimizerAdam", "accuracies": [0.87574, 0.87576, 0.85968, 0.81683, 0.81285, 0.81283, 0.81119, 0.81258, 0.81298, 0.8139, 0.81423, 0.81472, 0.81469, 0.81381, 0.81385, 0.81471, 0.81467, 0.81367, 0.81468, 0.8144, 0.81415, 0.81445, 0.81455, 0.81472, 0.81457, 0.81481, 0.81475, 0.81448, 0.81478, 0.81474], "average_losses": [0.29956922606945036, 0.29747535994052887, 0.329497290790081, 0.4188464653778076, 0.497414779214859, 0.5048851730585098, 0.5061174673175812, 0.5087010033035279, 0.5014469193983078, 0.5005063729763031, 0.5001272853946686, 0.49951600269317625, 0.4968515892076492, 0.49812931464195254, 0.506494667172432, 0.5041940828609467, 0.5072767232322692, 0.5080410129976273, 0.5054513915586472, 0.5069599304485322, 0.5071721622514724, 0.5062691396808624, 0.5041370224428177, 0.5045218141150475, 0.5065616662168503, 0.5041658463144303, 0.5060874298143386, 0.5035459810400009, 0.5017292652368546, 0.5002531041431427]}