{"learning_rate": 0.001, "epochs": 10, "batch_size": 32, "loss_fn": "CrossEntropyLoss", "optimizer": "AnalogOptimizerAdam", "accuracies": [0.86103, 0.87099, 0.87446, 0.87319, 0.87591, 0.87753, 0.87685, 0.87597, 0.87492, 0.87755, 0.87805, 0.87692, 0.87577, 0.87871, 0.87667, 0.87435, 0.8746, 0.87226, 0.87156, 0.8679, 0.86198, 0.85458, 0.84303, 0.8393, 0.82517, 0.8178, 0.81388, 0.81251, 0.81188, 0.81072, 0.81222, 0.8119, 0.81065, 0.81262, 0.81183, 0.80892, 0.81117, 0.81206, 0.81026, 0.81338], "average_losses": [0.32487484860658644, 0.3059816756093502, 0.29951383783221247, 0.2984866991305351, 0.297530853934288, 0.3010347423136234, 0.29916359358787536, 0.3003958481669426, 0.3041880306053162, 0.29964350813388824, 0.2981662968492508, 0.2992236649048328, 0.3005683457791805, 0.29837479394197464, 0.30360203161239624, 0.3064997169148922, 0.307274267642498, 0.31016711362600324, 0.3131094818973541, 0.3180032500195503, 0.33486925577163695, 0.35258693984270095, 0.3727052263021469, 0.3773472507572174, 0.40762695579528807, 0.42117738970041274, 0.4439838328075409, 0.4520704696893692, 0.460170397002697, 0.48919153037548063, 0.513200478568077, 0.5319256281661987, 0.5167415056419372, 0.5201874533700943, 0.5197728404664993, 0.5129861084842682, 0.5068802014875412, 0.5106069313240051, 0.5053328302335739, 0.5055945499634743]}