{"learning_rate": 0.001, "epochs": 30, "batch_size": 32, "loss_fn": "CrossEntropyLoss", "optimizer": "AnalogOptimizerAdam", "accuracies": [0.87738, 0.87756, 0.87509, 0.86183, 0.83676, 0.81539, 0.80931, 0.81267, 0.81273, 0.8125, 0.81405, 0.81392, 0.81429, 0.81353, 0.81414, 0.81449, 0.81426, 0.81438, 0.81477, 0.81419, 0.81469, 0.81454, 0.81445, 0.81453, 0.81475, 0.8122, 0.81459, 0.81303, 0.8133, 0.81471], "average_losses": [0.2965076123380661, 0.29624506227850916, 0.3023163205862045, 0.335907349370718, 0.3898960634303093, 0.4444161323070526, 0.5072968405675888, 0.49971487355351446, 0.4937387753391266, 0.49664425344944, 0.49090214088439943, 0.49808635229587556, 0.49843155990600585, 0.5029410499286652, 0.5156762172985077, 0.518848333735466, 0.521440841884613, 0.5226510579156876, 0.5263519501495362, 0.526109252691269, 0.5235850640678406, 0.5207706013870239, 0.5259089536070823, 0.5420786170101166, 0.5334946699476242, 0.5418749989271164, 0.5448593336868286, 0.5791951414299011, 0.5494129715538025, 0.5472524845886231]}