{"learning_rate": 0.001, "epochs": 10, "batch_size": 32, "loss_fn": "CrossEntropyLoss", "optimizer": "AnalogOptimizerAdam", "accuracies": [0.85527, 0.86858, 0.87033, 0.87128, 0.87138, 0.86966, 0.8687, 0.8716, 0.86535, 0.86748, 0.86639, 0.86525, 0.86477, 0.86655, 0.86257, 0.86352, 0.86395, 0.85803, 0.85815, 0.8548, 0.85331, 0.85133, 0.84587, 0.85654, 0.84806, 0.85382, 0.8523, 0.85147, 0.84163, 0.84783, 0.84296, 0.83724, 0.82366, 0.83293, 0.81642, 0.81482, 0.81161, 0.80786, 0.81069, 0.80351], "average_losses": [0.3340459193921089, 0.3162105589270592, 0.3070391054916382, 0.30454361606001856, 0.3129944839322567, 0.3085224872851372, 0.309597328953743, 0.31174422409892083, 0.32229960815191266, 0.3115402564811707, 0.3158884740805626, 0.3148613130056858, 0.32502208399057386, 0.3225562423992157, 0.31960329322576525, 0.3277538607311249, 0.3321835568380356, 0.33320680765867233, 0.338552198587656, 0.3383815357613564, 0.34250600093364714, 0.35186297466278077, 0.345262699034214, 0.3641213367414474, 0.3547630035126209, 0.3545881559944153, 0.3615136395716667, 0.3641890209412575, 0.36676658388137817, 0.369980786948204, 0.37963821734905245, 0.4165732740235329, 0.4082044392299652, 0.46100816618204116, 0.44090900724172594, 0.4719256160378456, 0.5140121832990646, 0.5124737296533585, 0.5121157996702195, 0.5216941904449462]}