{"learning_rate": 0.001, "epochs": 10, "batch_size": 32, "loss_fn": "CrossEntropyLoss", "optimizer": "AnalogOptimizerAdam", "accuracies": [0.86072, 0.87153, 0.87444, 0.87512, 0.87716, 0.87756, 0.87709, 0.87749, 0.878, 0.87497, 0.87514, 0.87312, 0.87263, 0.86833, 0.85951, 0.85179, 0.8459, 0.83067, 0.82568, 0.82559, 0.82339, 0.82104, 0.81549, 0.81229, 0.81014, 0.81147, 0.81203, 0.81162, 0.81306, 0.80971, 0.81186, 0.81156, 0.81301, 0.81356, 0.81336, 0.81373, 0.81231, 0.81336, 0.81095, 0.81379], "average_losses": [0.32580571106791495, 0.30670102159380913, 0.30011662818193435, 0.29797322877883914, 0.2989316488611698, 0.29597515966176985, 0.2964253406357765, 0.2961602090442181, 0.29734367078900337, 0.29770242186427115, 0.3007933447122574, 0.30299431278586386, 0.30735442625880244, 0.316452528539896, 0.32963666297912597, 0.355742010717392, 0.3627713013076782, 0.3913172462177277, 0.3972404752159119, 0.40563525431871417, 0.40056095209121706, 0.4089138048315048, 0.4260122329187393, 0.43847097073078156, 0.4678911477661133, 0.49849858619213105, 0.5038673078083992, 0.6344849601006508, 0.5039323258018493, 0.5545507609677315, 0.5023452057647705, 0.4993136178588867, 0.49696956909656526, 0.4972234572958946, 0.49622322229385374, 0.49647222080230713, 0.49809380180358886, 0.49304003171920774, 0.5493346623516083, 0.4930806175470352]}