{"learning_rate": 0.001, "epochs": 10, "batch_size": 32, "loss_fn": "CrossEntropyLoss", "optimizer": "AnalogOptimizerAdam", "accuracies": [0.87483, 0.8835, 0.8856, 0.88686, 0.88606, 0.88826, 0.88406, 0.88542, 0.88279, 0.87902, 0.86506, 0.85805, 0.85531, 0.85756, 0.85647, 0.85865, 0.85147, 0.84885, 0.8487, 0.84213, 0.83934, 0.84102, 0.83905, 0.83961, 0.83755, 0.83856, 0.8374, 0.83675, 0.83571, 0.83541, 0.83631, 0.83574, 0.83669, 0.83421, 0.83584, 0.83533, 0.83532, 0.8355, 0.83361, 0.83494], "average_losses": [0.3005050429356098, 0.28018375432014464, 0.2737767619872093, 0.2704770710980892, 0.2748198112463951, 0.2731062661063671, 0.27653206988453866, 0.2808549556219578, 0.29224907112956044, 0.3014536659312248, 0.31787089944958685, 0.3365374434900284, 0.3513068489921093, 0.351543635559082, 0.34755646961450576, 0.36217971573233604, 0.37235741099238395, 0.37251179344654084, 0.3763086476480961, 0.4140748092842102, 0.4034894243764877, 0.41387061432361605, 0.4160275988101959, 0.4121654637289047, 0.42231812235593796, 0.4245413454079628, 0.4359064491558075, 0.45268951032161714, 0.43699534474611285, 0.45266399040460586, 0.4497011728620529, 0.45867643350601195, 0.43702028962135314, 0.4688561189866066, 0.4455250736188889, 0.5210723665189743, 0.5226983977890015, 0.49035980880260466, 0.5134110631084442, 0.49089117130994797]}