{"learning_rate": 0.001, "epochs": 10, "batch_size": 32, "loss_fn": "CrossEntropyLoss", "optimizer": "AnalogOptimizerAdam", "accuracies": [0.85785, 0.84401, 0.83174, 0.81389, 0.81248, 0.81178, 0.80865, 0.81312, 0.81458, 0.81432], "average_losses": [0.3614752813577652, 0.36014539098978043, 0.3961847015976906, 0.4394295175433159, 0.5229629555535317, 0.5752818744945526, 0.5534489304542541, 0.5695981488645077, 0.5664663487422467, 0.5376919089329243]}