{"learning_rate": 0.001, "epochs": 30, "batch_size": 32, "loss_fn": "CrossEntropyLoss", "optimizer": "AnalogOptimizerAdam", "accuracies": [0.89402, 0.89473, 0.89455, 0.893, 0.89427, 0.89528, 0.89355, 0.8938, 0.89099, 0.88609, 0.88212, 0.87958, 0.87067, 0.86157, 0.84889, 0.81481, 0.81425, 0.81433, 0.81294, 0.81327, 0.81295, 0.81385, 0.81465, 0.81251, 0.81401, 0.81454, 0.81407, 0.81386, 0.81407, 0.81354], "average_losses": [0.26173185026466844, 0.2568958823633194, 0.25752794676065444, 0.26055907672405243, 0.258506166857481, 0.26097514306664465, 0.2632359441781044, 0.2684684472739696, 0.27333676066994667, 0.2790430057299137, 0.29478154561400416, 0.29370387933135034, 0.32233233162879943, 0.34076632848501204, 0.37100274652957915, 0.42052883893013, 0.4957764252948761, 0.4943123730611801, 0.49292480479717254, 0.49274098924160004, 0.49293847990989687, 0.4908554472923279, 0.4900170158052444, 0.4908840087890625, 0.48915999402046206, 0.48945529497146606, 0.4971966204214096, 0.5066947143650055, 0.5064068133163452, 0.502340075583458]}