{"learning_rate": 0.001, "epochs": 10, "batch_size": 32, "loss_fn": "CrossEntropyLoss", "optimizer": "AnalogOptimizerAdam", "accuracies": [0.80437, 0.80619, 0.81576, 0.81166, 0.81404, 0.81407, 0.81399, 0.82009, 0.8182, 0.81603], "average_losses": [0.5401934618604183, 0.519883651034832, 0.5041884778171778, 0.513718882894516, 0.5053038020730019, 0.5123188416385651, 0.5035762520551682, 0.4923531902265549, 0.5035271347892284, 0.5011374453663826]}