{"learning_rate": 0.001, "epochs": 10, "batch_size": 32, "loss_fn": "CrossEntropyLoss", "optimizer": "AnalogOptimizerAdam", "accuracies": [0.87027, 0.85914, 0.81314, 0.81096, 0.8111, 0.80708, 0.81386, 0.81398, 0.81053, 0.81331], "average_losses": [0.316144771014452, 0.3486775581288338, 0.5190552181959153, 0.5463490778207779, 0.5499564305245876, 0.5567112254858017, 0.5435851666355133, 0.5606901178026199, 0.5347742526578904, 0.5412680964326858]}