{"learning_rate": 0.001, "epochs": 10, "batch_size": 32, "loss_fn": "CrossEntropyLoss", "optimizer": "AnalogOptimizerAdam", "accuracies": [0.87387, 0.87507, 0.86897, 0.83674, 0.81589, 0.81221, 0.80617, 0.81163, 0.81331, 0.81446], "average_losses": [0.29877405663371087, 0.29984055389642716, 0.3158626882231236, 0.3653901876783371, 0.4199011310815811, 0.5036983859348297, 0.5155568642926216, 0.5025111273097992, 0.5043253449916839, 0.49855796573638916]}