{"learning_rate": 0.001, "epochs": 10, "batch_size": 32, "loss_fn": "CrossEntropyLoss", "optimizer": "AnalogOptimizerAdam", "accuracies": [0.86195, 0.87219, 0.87661, 0.87498, 0.87778, 0.87609, 0.8782, 0.87723, 0.87587, 0.87865, 0.874, 0.87378, 0.87188, 0.87083, 0.86396, 0.85779, 0.85272, 0.84959, 0.83362, 0.82488, 0.81456, 0.81068, 0.80859, 0.81213, 0.8095, 0.81152, 0.81124, 0.80336, 0.81292, 0.81001, 0.80969, 0.81183, 0.81186, 0.81323, 0.80997, 0.81104, 0.81359, 0.81242, 0.81255, 0.81386], "average_losses": [0.3265475027489662, 0.3049088902235031, 0.2973583954834938, 0.2967719671416283, 0.2977472491538525, 0.30052725645303724, 0.2974362554109097, 0.2978247843050957, 0.2990522865521908, 0.2972133154964447, 0.30361118186712266, 0.3047775473833084, 0.3062313033533096, 0.3150058560156822, 0.32819161468982694, 0.35229376950740815, 0.34336941334962845, 0.36295909021139144, 0.3882719975852966, 0.4101802984380722, 0.43788521126031876, 0.5090137784767151, 0.509583350200653, 0.5188787776374817, 0.5179762085056305, 0.508373727183342, 0.5068205776977539, 0.5107385217857361, 0.5294902333784104, 0.506676162276268, 0.5081978917074204, 0.5059837171220779, 0.5287096573638916, 0.5079277579879761, 0.5038619686746597, 0.5016333836603165, 0.5076210495257377, 1.3897806505131722, 0.5001828591775894, 0.49561511417865756]}