{"learning_rate": 0.001, "epochs": 10, "batch_size": 32, "loss_fn": "CrossEntropyLoss", "optimizer": "AnalogOptimizerAdam", "accuracies": [0.85283, 0.86674, 0.86892, 0.87031, 0.86681, 0.87124, 0.86682, 0.86717, 0.86975, 0.86761, 0.86585, 0.86028, 0.83281, 0.82166, 0.81727, 0.81663, 0.81366, 0.81372, 0.81266, 0.81344, 0.8141, 0.81338, 0.81326, 0.81276, 0.81345, 0.81258, 0.81254, 0.81281, 0.8135, 0.81242, 0.81434, 0.81265, 0.81397, 0.81284, 0.81359, 0.8128, 0.81431, 0.81315, 0.81339, 0.81105], "average_losses": [0.34553140505552293, 0.31483614328622817, 0.30941550307750704, 0.3103258707296848, 0.32845438712894914, 0.3162965739488602, 0.31980352934122086, 0.3240491631150246, 0.3395674955946207, 0.3283521312522888, 0.33587892991185186, 0.35603700133085253, 0.404614650182724, 0.43845922939300536, 0.48137903740644455, 0.5214708230733871, 0.5513704878330231, 0.5002174861431122, 0.5021902916669846, 0.5041232237386704, 0.5533200356054306, 0.5049135856699943, 0.50835154712677, 0.5086699990749359, 0.5502808041095734, 0.507951847653389, 0.5069096869468689, 0.5057957406711578, 0.5385445921182632, 0.5035510411262513, 0.5043210126209259, 0.500583325791359, 0.546696872844696, 0.5008577352905274, 0.5030386607456208, 0.4992953645038605, 0.5456515312385559, 0.5001128309679032, 0.4998593807506561, 0.5001680020403863]}