{"learning_rate": 0.001, "epochs": 10, "batch_size": 32, "loss_fn": "CrossEntropyLoss", "optimizer": "AnalogOptimizerAdam", "accuracies": [0.8902, 0.89584, 0.89516, 0.89687, 0.89804, 0.89788, 0.89722, 0.89836, 0.89589, 0.89791, 0.89786, 0.8978, 0.89793, 0.89564, 0.89839, 0.89581, 0.8964, 0.89557, 0.89701, 0.89519, 0.89409, 0.89594, 0.89463, 0.89256, 0.89449, 0.89566, 0.89232, 0.8937, 0.89183, 0.89295, 0.89031, 0.89062, 0.89142, 0.88817, 0.89179, 0.88964, 0.89216, 0.89205, 0.8903, 0.89007], "average_losses": [0.27495565298438074, 0.2600202662312984, 0.2567993068599701, 0.25441894165039064, 0.2510430873966217, 0.250345619879961, 0.25116186315059663, 0.24905286821246148, 0.25091411061763763, 0.2508828923344612, 0.2490183213365078, 0.24987329522132873, 0.24982124607682227, 0.24976216114401817, 0.24915089798927306, 0.25216216781616213, 0.24999094734430313, 0.25190137046039107, 0.253627539908886, 0.2557544319593906, 0.2548444490295649, 0.25274385431051255, 0.2542727043414116, 0.25613274630725386, 0.2573957199037075, 0.2572544794523716, 0.2566028319406509, 0.2584816848921776, 0.25853213265419006, 0.2627458041095734, 0.263463939729929, 0.2622088599562645, 0.26138525972485543, 0.2624116886675358, 0.26340217004060745, 0.26521890044331553, 0.26188324786901473, 0.26454337991595267, 0.2640369112586975, 0.26908195949196817]}