{"learning_rate": 0.001, "epochs": 10, "batch_size": 32, "loss_fn": "CrossEntropyLoss", "optimizer": "AnalogOptimizerAdam", "accuracies": [0.85964, 0.86786, 0.87303, 0.87429, 0.87587, 0.8766, 0.87581, 0.87596, 0.87562, 0.87084, 0.87017, 0.86601, 0.86129, 0.8568, 0.8549, 0.84897, 0.84206, 0.824, 0.8156, 0.81117, 0.80703, 0.81076, 0.80865, 0.80988, 0.8108, 0.81108, 0.81249, 0.81204, 0.81224, 0.80961, 0.81277, 0.81301, 0.80886, 0.81355, 0.81288, 0.8105, 0.81265, 0.81446, 0.81438, 0.81415], "average_losses": [0.3291805925393105, 0.30911297828435896, 0.302663821696043, 0.30283294232964514, 0.30038657963633536, 0.2988689983648062, 0.3012850022268295, 0.3025071520614624, 0.3029058065271378, 0.31004908062934877, 0.3083133586525917, 0.3187268826276064, 0.3259592093253136, 0.3395730299949646, 0.3442288482785225, 0.35659537750959397, 0.3694715247297287, 0.4033568534827232, 0.42106593255996705, 0.43731908450603485, 0.45864820069551465, 0.48442968851566315, 0.5070587228393555, 0.5055048337316513, 0.5094522442770004, 0.5159059447145462, 0.5216799634420872, 0.5257853522920608, 0.534534495267868, 0.5316949037504196, 0.527970403213501, 0.5273076432180405, 0.5269396871042251, 0.5382502937221527, 0.5251692024326324, 0.5268778128623962, 0.5215031187462806, 0.5213728672838212, 0.5196613110399246, 0.5187057993745804]}