{"learning_rate": 0.001, "epochs": 30, "batch_size": 32, "loss_fn": "CrossEntropyLoss", "optimizer": "AnalogOptimizerAdam", "accuracies": [0.87422, 0.87245, 0.87323, 0.87155, 0.87111, 0.86341, 0.84424, 0.81223, 0.81164, 0.81309, 0.81407, 0.8143, 0.81438, 0.81394, 0.81461, 0.81459, 0.81441, 0.81477, 0.81462, 0.81422, 0.81392, 0.81459, 0.81408, 0.81432, 0.81424, 0.81462, 0.81453, 0.8146, 0.81461, 0.81419], "average_losses": [0.2998999322926998, 0.3006399359297752, 0.30469671734213827, 0.30561757912397386, 0.3079942509806156, 0.3262155559813976, 0.37576883751153944, 0.4556757499551773, 0.5064787159466744, 0.4994853561377525, 0.49652276084661484, 0.4901349817633629, 0.49653786576747894, 0.5063834068489075, 0.5151112395381927, 0.5197604896640777, 0.5246137643003463, 0.5336482519960404, 0.527382936410904, 0.5218590134429931, 0.5232848300552368, 0.524737156047821, 0.521331493396759, 0.4993127391719818, 0.49732304610729217, 0.49817867263793947, 0.49736525963306427, 0.4974452434158325, 0.4969292360973358, 0.5028150829458237]}