{"learning_rate": 0.001, "epochs": 30, "batch_size": 32, "loss_fn": "CrossEntropyLoss", "optimizer": "AnalogOptimizerAdam", "accuracies": [0.87692, 0.87732, 0.87645, 0.86957, 0.84568, 0.81169, 0.81129, 0.81256, 0.81394, 0.81433, 0.81392, 0.81471, 0.81431, 0.81424, 0.81416, 0.81447, 0.81349, 0.8148, 0.81452, 0.81437, 0.81447, 0.81413, 0.81433, 0.81449, 0.81458, 0.81462, 0.81451, 0.8143, 0.81395, 0.81471], "average_losses": [0.29815629996180537, 0.2982526759946346, 0.30358317534327506, 0.31306185332536696, 0.36753524820804595, 0.5364980833244324, 0.5256563053202629, 0.5410591325807571, 0.54150996322155, 0.537545323343277, 0.5315965933513641, 0.5272924850320816, 0.4949429370355606, 0.4935217312550545, 0.4934802653002739, 0.4960689097070694, 0.526465353975296, 0.5288898581933975, 0.5190961650896072, 0.5301810648584366, 0.5216362299633026, 0.5205105901145936, 0.5192179735755921, 0.5221587995243072, 0.5160861849403381, 0.5206067597436905, 0.5024874979257583, 0.5095701809215546, 0.5118723820590972, 0.5145632984018326]}