{"learning_rate": 0.001, "epochs": 30, "batch_size": 32, "loss_fn": "CrossEntropyLoss", "optimizer": "AnalogOptimizerAdam", "accuracies": [0.92696, 0.92709, 0.92701, 0.92738, 0.92657, 0.92748, 0.92722, 0.92685, 0.92714, 0.92475, 0.92762, 0.92787, 0.92756, 0.92537, 0.92619, 0.92581, 0.92488, 0.92692, 0.92695, 0.92677, 0.92696, 0.92709, 0.92754, 0.92526, 0.92745, 0.92659, 0.9286, 0.9274, 0.92636, 0.92751], "average_losses": [0.1904614201760292, 0.18857263546824454, 0.19188796842426062, 0.18969207041323186, 0.18912452103674413, 0.1889698477834463, 0.19006481289565563, 0.18907479020357132, 0.19010047208726405, 0.19414772318601609, 0.18906060100317001, 0.18866500138163567, 0.18824746025145053, 0.19057982106387616, 0.18896931852459908, 0.19013056306898593, 0.19267446786910294, 0.18901980362653734, 0.18912520100414754, 0.18870271261036395, 0.18817301972985268, 0.19018735620319843, 0.18856743571460247, 0.19011159610152245, 0.18880082248330116, 0.1884569755935669, 0.18769907856822013, 0.18738643774032593, 0.1880676031279564, 0.18797566535890103]}