{"learning_rate": 0.001, "epochs": 10, "batch_size": 32, "loss_fn": "CrossEntropyLoss", "optimizer": "AnalogOptimizerAdam", "accuracies": [0.84529, 0.8625, 0.86783, 0.86904, 0.87125, 0.86303, 0.86157, 0.84615, 0.85196, 0.84565, 0.83955, 0.82945, 0.82751, 0.82662, 0.81707, 0.8125, 0.81385, 0.81099, 0.81365, 0.81019, 0.8122, 0.81306, 0.81174, 0.81224, 0.81139, 0.8141, 0.81402, 0.81396, 0.81421, 0.81444, 0.81443, 0.81404, 0.81375, 0.81364, 0.81471, 0.8146, 0.81456, 0.81411, 0.81398, 0.81433], "average_losses": [0.349988149895668, 0.33351537935733794, 0.3350916647899151, 0.3330004305803776, 0.3364376796066761, 0.34827848113179205, 0.3501319034743309, 0.36003253454566003, 0.35124092753887176, 0.36159706828594207, 0.36925782525420187, 0.38179666419506075, 0.3999793288707733, 0.4024372627019882, 0.41295033556222915, 0.4332706688904762, 0.4528811624121666, 0.49126516142368315, 0.5044887060236931, 0.49112910088062284, 0.4980476548576355, 0.5033174662590026, 0.49843875123023984, 0.4997609770774841, 0.49333852717876436, 0.49906415605068205, 0.49506568564653397, 0.49496401307344434, 0.49488111338615415, 0.502931628651619, 0.4990691274380684, 0.4965220395374298, 0.49079670808792114, 0.4906371573662758, 0.4974438995409012, 0.4953959924316406, 0.4965186769318581, 0.4957602607750893, 0.4991708544397354, 0.4973526697397232]}