{"learning_rate": 0.001, "epochs": 10, "batch_size": 32, "loss_fn": "CrossEntropyLoss", "optimizer": "AnalogOptimizerAdam", "accuracies": [0.89074, 0.89478, 0.89785, 0.89924, 0.89698, 0.89842, 0.89985, 0.89943, 0.90001, 0.89916, 0.89798, 0.89962, 0.89875, 0.8983, 0.89719, 0.89712, 0.89842, 0.89803, 0.89892, 0.89853, 0.89527, 0.89899, 0.89629, 0.89695, 0.89652, 0.89549, 0.89785, 0.89569, 0.89713, 0.89583, 0.89414, 0.89597, 0.89506, 0.8931, 0.89251, 0.89443, 0.89364, 0.89602, 0.89581, 0.89428], "average_losses": [0.2725670722997189, 0.26085889526963235, 0.254744185680747, 0.2505817212104797, 0.252012399520874, 0.2488292168802023, 0.24803772974073887, 0.25097234533429147, 0.2472958063840866, 0.24943866112470628, 0.24900733380556106, 0.2497444974064827, 0.2480047635138035, 0.25051881598353387, 0.2511930152833462, 0.2516965721642971, 0.2503585286474228, 0.2493380972790718, 0.25190678404211997, 0.2528530675685406, 0.2526883209556341, 0.25197544121205806, 0.25346300179243086, 0.25327020476937295, 0.25452529172956945, 0.25585956339001653, 0.2527854897689819, 0.2543804371702671, 0.2577242795145512, 0.25738422860503196, 0.2603069573223591, 0.2583613002896309, 0.2630929549205303, 0.2626751486170292, 0.2635933376407623, 0.2634832988226414, 0.262340236890316, 0.26477438054800034, 0.2620126945781708, 0.26323906005501746]}