{"learning_rate": 0.001, "epochs": 10, "batch_size": 32, "loss_fn": "CrossEntropyLoss", "optimizer": "AnalogOptimizerAdam", "accuracies": [0.84041, 0.85644, 0.8598, 0.85653, 0.86284, 0.85572, 0.84305, 0.82779, 0.81172, 0.81332, 0.81271, 0.81264, 0.81282, 0.81166, 0.8064, 0.81238, 0.81318, 0.81254, 0.813, 0.81278, 0.81399, 0.81256, 0.81386, 0.81468, 0.81464, 0.81442, 0.81442, 0.81421, 0.81447, 0.81479, 0.81467, 0.81478, 0.81441, 0.81429, 0.81474, 0.81474, 0.81395, 0.81448, 0.81472, 0.81455], "average_losses": [0.359456408700943, 0.3446518772983551, 0.3535715156185627, 0.3528981112194061, 0.35441376401424407, 0.3792174542117119, 0.4151960120856762, 0.4357493108713627, 0.45550431715011597, 0.49903929854869844, 0.4998960968327522, 0.5105746807813645, 0.5467196194386482, 0.543747824010849, 0.5235367406797409, 0.5742814787316323, 0.5575955489492417, 0.5368543687224389, 0.5333687044775486, 0.5249979591464996, 0.5391322810173035, 0.5107645383572579, 0.5101868257880211, 0.5174017874598503, 0.5310008070003986, 0.5047122438073158, 0.5045131873559952, 0.5058032198023796, 0.5109723472166061, 0.535385703997612, 0.5047548702859879, 0.5324819569015503, 0.5031052522087097, 0.4965187318229675, 0.5131066372513771, 0.5085306721735, 0.5094014510345459, 0.5080044350433349, 0.5083834799146653, 0.5039836727929116]}