{"learning_rate": 0.001, "epochs": 30, "batch_size": 32, "loss_fn": "CrossEntropyLoss", "optimizer": "AnalogOptimizerAdam", "accuracies": [0.87682, 0.87742, 0.87894, 0.87362, 0.84155, 0.80869, 0.81057, 0.81121, 0.81097, 0.8144, 0.81361, 0.81422, 0.81446, 0.81479, 0.81402, 0.81477, 0.81474, 0.81422, 0.81454, 0.81439, 0.81478, 0.81456, 0.81408, 0.81249, 0.81358, 0.81427, 0.81396, 0.81427, 0.81326, 0.81183], "average_losses": [0.2975135289502144, 0.2957106300401688, 0.2985223542737961, 0.30990753120422365, 0.36570304305315016, 0.46197516904115676, 0.521501580183506, 0.516843542470932, 0.508215688495636, 0.4984160838699341, 0.5021452675104141, 0.5012145827960968, 0.509592127532959, 0.515928981256485, 0.5163489673233033, 0.5137199768686295, 0.5125066686725617, 0.524292169303894, 0.523324026927948, 0.5340212542247772, 0.5393442563867569, 0.5443487438631057, 0.5496350644302368, 0.5487849055480957, 0.5484817401885986, 0.5496121390914916, 0.5544592305088043, 0.5500174875354766, 0.5494908702754975, 0.5442538937473297]}