{"learning_rate": 0.001, "epochs": 30, "batch_size": 32, "loss_fn": "CrossEntropyLoss", "optimizer": "AnalogOptimizerAdam", "accuracies": [0.87768, 0.87543, 0.87372, 0.85519, 0.80858, 0.80861, 0.81191, 0.81404, 0.8134, 0.81294, 0.81429, 0.81468, 0.81461, 0.81457, 0.81474, 0.81466, 0.81475, 0.81436, 0.81452, 0.81445, 0.81473, 0.8146, 0.81447, 0.81476, 0.81434, 0.81485, 0.81403, 0.81465, 0.8147, 0.81436], "average_losses": [0.2969555268764496, 0.29828483756303786, 0.303571163187027, 0.3509210046005249, 0.4734584908175468, 0.5214718084621429, 0.5138580965781212, 0.5288621790623664, 0.5210797431707382, 0.5228447122907639, 0.521230431060791, 0.5189112765312195, 0.5213344225883484, 0.52856695404768, 0.5198240000104905, 0.517988874168396, 0.5206254624652863, 0.5196753982830048, 0.5155453488111496, 0.5146321993350983, 0.5121892954206466, 0.5147463990354538, 0.5063183091068267, 0.5083417425823211, 0.5112457243108749, 0.5071119250106811, 0.5060297879505158, 0.5123149424266815, 0.5148066859960556, 0.5110121243190765]}