{"learning_rate": 0.001, "epochs": 10, "batch_size": 32, "loss_fn": "CrossEntropyLoss", "optimizer": "AnalogOptimizerAdam", "accuracies": [0.85959, 0.8708, 0.87252, 0.87405, 0.87456, 0.87338, 0.87613, 0.8754, 0.87205, 0.87397, 0.86888, 0.86605, 0.86189, 0.8563, 0.84906, 0.84003, 0.83396, 0.8269, 0.81391, 0.81181, 0.80848, 0.81103, 0.80944, 0.80792, 0.81111, 0.81351, 0.81321, 0.81122, 0.80697, 0.81195, 0.81216, 0.81189, 0.81237, 0.81103, 0.81271, 0.81235, 0.81293, 0.81344, 0.80775, 0.81336], "average_losses": [0.32822259433865547, 0.3067349311161041, 0.30242792320251466, 0.30060493121385573, 0.3004820574688911, 0.30212146176218985, 0.29969336703062055, 0.30101772129297255, 0.301916649582386, 0.30615654014348986, 0.31036285653948786, 0.31302205945968625, 0.324618030359745, 0.34133129194498063, 0.3618807732701302, 0.3855620088672638, 0.3988935201668739, 0.4004028114628792, 0.426918518614769, 0.4419858356547356, 0.47542782390594485, 0.4890408119392395, 0.5013313109517098, 0.5090061015939713, 0.5098566528630256, 0.5135860018396378, 0.5161781001353264, 0.5177288415575028, 0.5196408145332336, 0.5133694876623154, 0.5160282558727265, 0.5170400238704681, 0.5140584728956222, 0.5208310488319396, 0.514653368985653, 0.5138215189313888, 0.5151981067276001, 0.5151139465284348, 0.5265411201810837, 0.5206696092057228]}