{"learning_rate": 0.001, "epochs": 10, "batch_size": 32, "loss_fn": "CrossEntropyLoss", "optimizer": "AnalogOptimizerAdam", "accuracies": [0.92665, 0.92549, 0.92639, 0.92639, 0.92608, 0.9261, 0.92543, 0.92591, 0.92674, 0.9279, 0.92784, 0.92657, 0.92705, 0.92686, 0.92637, 0.92663, 0.92572, 0.92554, 0.92456, 0.928, 0.92714, 0.92423, 0.92309, 0.92625, 0.92785, 0.92628, 0.9244, 0.92585, 0.92559, 0.92672, 0.92734, 0.92656, 0.92715, 0.9262, 0.92737, 0.92623, 0.9279, 0.92517, 0.92697, 0.92773], "average_losses": [0.1918862626606226, 0.19101727968931198, 0.19078509296894072, 0.1894156479537487, 0.1909585308533907, 0.18978156205832958, 0.19168477234601974, 0.19011842922449113, 0.18829066633403302, 0.18948023359775543, 0.19051655809998513, 0.19580013308525085, 0.18925810661673545, 0.19148021620631217, 0.19123867221415042, 0.18975837871968745, 0.19058732848763466, 0.19112797417461871, 0.1906102126455307, 0.1898561969000101, 0.19086078165113926, 0.19496597164690493, 0.19776686730593443, 0.19087062681376935, 0.1896103296279907, 0.19074533296197652, 0.19208253115713597, 0.18967390689373018, 0.19057741718053817, 0.19106125986993314, 0.1909421421200037, 0.19035581744134425, 0.1901982553613186, 0.1899602294254303, 0.1898112831258774, 0.19409080302894116, 0.1903374568814039, 0.19367450879871845, 0.19162034802138805, 0.19015024440169334]}