{"learning_rate": 0.001, "epochs": 10, "batch_size": 32, "loss_fn": "CrossEntropyLoss", "optimizer": "AnalogOptimizerAdam", "accuracies": [0.8616, 0.87388, 0.8734, 0.87661, 0.87786, 0.87749, 0.87823, 0.87744, 0.87709, 0.87756, 0.87574, 0.87227, 0.87632, 0.87312, 0.8703, 0.87296, 0.87106, 0.87421, 0.87256, 0.87287, 0.86858, 0.86992, 0.86738, 0.86081, 0.85136, 0.83692, 0.83656, 0.83111, 0.82186, 0.81257, 0.81019, 0.80685, 0.80851, 0.81002, 0.81175, 0.80849, 0.81202, 0.81025, 0.81295, 0.80697], "average_losses": [0.3312692514586449, 0.30320344344615935, 0.30092053984761236, 0.29621818627595903, 0.2983227993965149, 0.29845682825803754, 0.30117600027918817, 0.2958398903918266, 0.29522733095884324, 0.2972365562903881, 0.3021239732670784, 0.30314603584885597, 0.29989190546274186, 0.30240397497415544, 0.3017172485816479, 0.3048675800645351, 0.30602180992007255, 0.30466169551849365, 0.30628867258310316, 0.31355286719322206, 0.3107496854555607, 0.3151463665437698, 0.32423812360048293, 0.3325708183145523, 0.34835337295293806, 0.38347078008651736, 0.3809729744005203, 0.4080911582493782, 0.42156194640398026, 0.46649284567117694, 0.5216707109069825, 0.5299201180458069, 0.5243866934370994, 0.5218548316144943, 0.520207450414896, 0.5169911904907226, 0.5123251584160328, 0.5151489511299133, 0.5099318879151344, 0.5181263134813309]}