{"learning_rate": 0.001, "epochs": 30, "batch_size": 32, "loss_fn": "CrossEntropyLoss", "optimizer": "AnalogOptimizerAdam", "accuracies": [0.85765, 0.85302, 0.81133, 0.81138, 0.81319, 0.81417, 0.81361, 0.81387, 0.81436, 0.81419, 0.81447, 0.81431, 0.81365, 0.81303, 0.81444, 0.81462, 0.81477, 0.81449, 0.8146, 0.81453, 0.81466, 0.81474, 0.81472, 0.81484, 0.81447, 0.81475, 0.81464, 0.81425, 0.81441, 0.81461], "average_losses": [0.33773339107990263, 0.3592515183222294, 0.5384552146482467, 0.5478651008892059, 0.5429099113368988, 0.5284211584329606, 0.5302288932704926, 0.5480055764865875, 0.5481954102659226, 0.5505095644831658, 0.5459047743606568, 0.5480790761375427, 0.5479824638605117, 0.5484031380605697, 0.5268945790529251, 0.5350265964078903, 0.5442610119724274, 0.5435907362890243, 0.5441158230352402, 0.5423823144626617, 0.5432405376434326, 0.5451497802877426, 0.5404457024002075, 0.5476032692956925, 0.5445984143161774, 0.5445385389423371, 0.546371929731369, 0.5454938117408752, 0.5464222985458373, 0.544933411436081]}