{"learning_rate": 0.001, "epochs": 10, "batch_size": 32, "loss_fn": "CrossEntropyLoss", "optimizer": "AnalogOptimizerAdam", "accuracies": [0.86124, 0.88416, 0.89165, 0.89339, 0.898, 0.90079, 0.90224, 0.90252, 0.90377, 0.90529, 0.90426, 0.90158, 0.90213, 0.90309, 0.90206, 0.90354, 0.90059, 0.89794, 0.89823, 0.88771, 0.8841, 0.88416, 0.88127, 0.88267, 0.88143, 0.87207, 0.86597, 0.86167, 0.85839, 0.86098, 0.8598, 0.85804, 0.86073, 0.85958, 0.86109, 0.85961, 0.86051, 0.85935, 0.85994, 0.86108], "average_losses": [0.31874868200063705, 0.27486346003293993, 0.2590187174296379, 0.25426289036870003, 0.24640174277424812, 0.24310646525681018, 0.24050334158182143, 0.24248136640667917, 0.23844198315799237, 0.23523084376215936, 0.2411478329116106, 0.24139917660593987, 0.24277497561216355, 0.2462715405893326, 0.24986342701435088, 0.24816454968333243, 0.25995813079833985, 0.25675229803085325, 0.2602793838709593, 0.2712936222988367, 0.2756084261500835, 0.2731902783960104, 0.27694197777152063, 0.27034422065496444, 0.27367763396680356, 0.2895984141218662, 0.2966876683688164, 0.3103022814309597, 0.339066913831234, 0.3426990326011181, 0.3558995545291901, 0.42526510392189026, 0.36948715588092806, 0.37680754648566245, 0.393452796305418, 0.40216997698783874, 0.39915359781861304, 0.41011817391395566, 0.43288794202983377, 0.42824877287268637]}