{"learning_rate": 0.001, "epochs": 30, "batch_size": 32, "loss_fn": "CrossEntropyLoss", "optimizer": "AnalogOptimizerAdam", "accuracies": [0.83678, 0.84077, 0.83245, 0.80633, 0.80316, 0.80424, 0.80586, 0.81016, 0.80983, 0.81443, 0.8124, 0.81313, 0.81419, 0.81414, 0.81406, 0.81355, 0.8139, 0.81402, 0.8137, 0.81293, 0.81371, 0.81473, 0.81381, 0.81457, 0.81441, 0.81453, 0.81425, 0.8144, 0.81436, 0.81436], "average_losses": [0.35959178241014483, 0.3683522962403297, 0.3850338335478306, 0.5156232481575013, 0.5922997841978073, 0.587608449792862, 0.5533579138445854, 0.5337816526651382, 0.5288607326745987, 0.521283758687973, 0.5213820961380005, 0.5166038127684593, 0.5194569531655312, 0.5281389203310013, 0.5334472868299485, 0.527047586722374, 0.5396687095928192, 0.5342001885247231, 0.5191587003207206, 0.5264040323495864, 0.5330342554140091, 0.5371838569927215, 0.5306239851474762, 0.5433942779636383, 0.5414858445072174, 0.5442881499266624, 0.5390024294161797, 0.5585655538892746, 0.5400775587034226, 0.540320698170662]}