{"learning_rate": 0.001, "epochs": 10, "batch_size": 32, "loss_fn": "CrossEntropyLoss", "optimizer": "AnalogOptimizerAdam", "accuracies": [0.95055, 0.95762, 0.9611, 0.96272, 0.96409, 0.96313, 0.96397, 0.96536, 0.9655, 0.96509, 0.96559, 0.96474, 0.9642, 0.96547, 0.96317, 0.96378, 0.96309, 0.96475, 0.96426, 0.96319, 0.9612, 0.96128, 0.96078, 0.96001, 0.95599, 0.95048, 0.95279, 0.95073, 0.94628, 0.93798, 0.93679, 0.93028, 0.91749, 0.50869, 0.92438, 0.92258, 0.92329, 0.92156, 0.77463, 0.91823], "average_losses": [0.13538112470804015, 0.1159411710868217, 0.10893090950720012, 0.10340483993154019, 0.10119560789562762, 0.10088335842024534, 0.10030092472309246, 0.09855555862994865, 0.0982454508694075, 0.10019355168156326, 0.09724222116244957, 0.1034358679703623, 0.10179220106720924, 0.10121492569878697, 0.10439952545884996, 0.1049294659807533, 0.10567800160586834, 0.10275392112382105, 0.10561294624548405, 0.10707603514520452, 0.11275448105417192, 0.11305972305279226, 0.11820558599468321, 0.11866061222091318, 0.13067723415840418, 0.14194604046471418, 0.1407219387961924, 0.14478458870768546, 0.1493375629614666, 0.16175495165720583, 0.16551311679273845, 0.180579532751441, 0.25431682697691954, 0.9740387350261211, 0.27485338345229626, 0.330002740920838, 0.34292834624956364, 0.40581397534921765, 0.5593508647793531, 0.35398831432352307]}