{"learning_rate": 0.001, "epochs": 10, "batch_size": 32, "loss_fn": "CrossEntropyLoss", "optimizer": "AnalogOptimizerAdam", "accuracies": [0.86748, 0.87701, 0.87673, 0.87959, 0.87908, 0.87986, 0.88109, 0.87911, 0.87749, 0.87755, 0.86941, 0.85733, 0.8481, 0.84371, 0.82086, 0.81005, 0.81183, 0.81239, 0.81054, 0.81147, 0.81113, 0.81273, 0.81342, 0.8126, 0.81178, 0.81376, 0.81368, 0.81377, 0.81337, 0.81338, 0.81324, 0.81347, 0.81301, 0.81416, 0.81445, 0.81461, 0.81425, 0.81427, 0.81453, 0.80822], "average_losses": [0.3138057602930069, 0.2941359006309509, 0.29371080318689347, 0.29082639368534086, 0.2889619404053688, 0.2874894071269035, 0.28938136591434477, 0.2943083637070656, 0.2964482953810692, 0.30015843751192095, 0.31334368512392047, 0.33158342820882797, 0.3529897682785988, 0.37535761719465255, 0.4181413200354576, 0.4328659105277061, 0.43668597546577453, 0.44169446054697037, 0.489324576086998, 0.49559922682285307, 0.49690999980449674, 0.49538847681999204, 0.49607433600902556, 0.4940072915697098, 0.4942687954425812, 0.494348222784996, 0.4957931273508072, 0.49592207963466645, 0.49299503679275514, 0.4941716104221344, 0.4945131231737137, 0.4938216066932678, 0.9602015208911896, 0.5200158325338363, 0.9640418375825882, 0.5421309318065644, 0.5407388901901246, 0.5408685946178436, 1.1189717361402511, 0.5424068649673461]}