{"learning_rate": 0.001, "epochs": 10, "batch_size": 32, "loss_fn": "CrossEntropyLoss", "optimizer": "AnalogOptimizerAdam", "accuracies": [0.86308, 0.83203, 0.80785, 0.81047, 0.81292, 0.81375, 0.81445, 0.81326, 0.81476, 0.81461], "average_losses": [0.34525479859113695, 0.4011377371764183, 0.45391610447883607, 0.5187967966127396, 0.5356363789129257, 0.5299883222460747, 0.546647289056778, 0.5040717712831497, 0.5206028843784333, 0.5090780825328827]}