{"learning_rate": 0.001, "epochs": 10, "batch_size": 32, "loss_fn": "CrossEntropyLoss", "optimizer": "AnalogOptimizerAdam", "accuracies": [0.8608, 0.87329, 0.87511, 0.87615, 0.87742, 0.87701, 0.87782, 0.87571, 0.87721, 0.87541, 0.87552, 0.87526, 0.87383, 0.87215, 0.86947, 0.86814, 0.86685, 0.86314, 0.86052, 0.85864, 0.85112, 0.84293, 0.83748, 0.81922, 0.81443, 0.81076, 0.81045, 0.80969, 0.81322, 0.81173, 0.809, 0.81193, 0.80958, 0.81235, 0.81091, 0.81158, 0.81307, 0.81105, 0.81314, 0.81263], "average_losses": [0.3263237834870815, 0.3032605102837086, 0.30024296240091325, 0.2989023913216591, 0.29804022775888445, 0.2964260356640816, 0.29742074716091155, 0.2980628734362125, 0.3002643543565273, 0.29992151698470115, 0.3027168099474907, 0.3058226746404171, 0.3065542736375332, 0.3118172066342831, 0.31125151529192924, 0.3167202617406845, 0.31965267305254935, 0.3243574939453602, 0.3280676961350441, 0.3378351283121109, 0.3547800397706032, 0.36825874155759813, 0.38705371145486833, 0.42067699775218964, 0.4531290398311615, 0.47773796855449674, 0.5037328639006615, 0.5046357359242439, 0.516493510518074, 0.507225459138155, 0.5122612142419815, 0.510017471818924, 0.50896961083889, 0.5094866839313507, 0.507703722448349, 0.5067760930109024, 0.5102264486455917, 0.5057946003317833, 0.5057395186567306, 0.5068227127742767]}