{"learning_rate": 0.001, "epochs": 30, "batch_size": 32, "loss_fn": "CrossEntropyLoss", "optimizer": "AnalogOptimizerAdam", "accuracies": [0.83041, 0.82706, 0.81144, 0.80758, 0.80678, 0.80766, 0.81186, 0.81337, 0.81288, 0.81355, 0.81369, 0.81301, 0.81381, 0.81343, 0.81432, 0.81414, 0.81444, 0.81417, 0.81416, 0.81464, 0.8138, 0.81398, 0.81472, 0.8145, 0.81461, 0.81451, 0.81459, 0.81435, 0.81462, 0.81441], "average_losses": [0.3796950270199776, 0.3927107793211937, 0.4442056739747524, 0.5548737033891677, 0.5651701862812042, 0.5501282028031349, 0.5421600974559784, 0.5403851108932495, 0.540888776807785, 0.5404532837581635, 0.5437641790866852, 0.5404382672739029, 0.5312342509937287, 0.5355463976716995, 0.5321770521211624, 0.5469778944492341, 0.5456486477792263, 0.547378276143074, 0.5350424419069291, 0.5355565397906303, 0.5357972591400146, 0.5336853315496445, 0.5331387640857697, 0.5345658692646027, 0.5329902678275108, 0.533415797753334, 0.5335735067176819, 0.5323608056735992, 0.534055129339695, 0.5344524024748802]}