{"learning_rate": 0.001, "epochs": 10, "batch_size": 32, "loss_fn": "CrossEntropyLoss", "optimizer": "AnalogOptimizerAdam", "accuracies": [0.86069, 0.87069, 0.87625, 0.87641, 0.87932, 0.8773, 0.87761, 0.87904, 0.87496, 0.87462, 0.87669, 0.87655, 0.87372, 0.87236, 0.87561, 0.87436, 0.87477, 0.87519, 0.87515, 0.8716, 0.86997, 0.8732, 0.86934, 0.86352, 0.85227, 0.8442, 0.84085, 0.83568, 0.82448, 0.81185, 0.81065, 0.80664, 0.80724, 0.80494, 0.80422, 0.8039, 0.81124, 0.80748, 0.80729, 0.80193], "average_losses": [0.32789336516261103, 0.3086016235399246, 0.2990720733165741, 0.2978863416147232, 0.2961861346447468, 0.2978485525906086, 0.2965143623948097, 0.2970561113917828, 0.301237589533329, 0.30199390238761903, 0.3039259778308868, 0.30012611109733583, 0.3023955584180355, 0.3054778574645519, 0.30560143891215324, 0.30352308069467543, 0.30513710698843, 0.30506189474701884, 0.30913445084929464, 0.31152062799692154, 0.31205345458030703, 0.3138515245604515, 0.3225734500396252, 0.32402664330244063, 0.35213191143751144, 0.36464435779333115, 0.37138755549669267, 0.38342094030380247, 0.42174156040668487, 0.4701447442340851, 0.5443135096049309, 0.5569003491115571, 0.5504024008512497, 0.544297622230053, 0.5318900858163833, 0.5337404503488541, 0.5313544365894795, 0.52687165776968, 0.519470145945549, 0.5310107112264634]}