{"learning_rate": 0.001, "epochs": 10, "batch_size": 32, "loss_fn": "CrossEntropyLoss", "optimizer": "AnalogOptimizerAdam", "accuracies": [0.904, 0.90518, 0.90761, 0.90727, 0.90706, 0.90828, 0.90797, 0.90952, 0.91057, 0.91019, 0.9104, 0.91031, 0.91108, 0.91003, 0.91049, 0.91101, 0.91106, 0.91018, 0.90943, 0.90969, 0.91006, 0.90793, 0.90986, 0.90857, 0.90895, 0.90989, 0.91058, 0.90866, 0.90907, 0.91087, 0.90956, 0.90525, 0.90978, 0.90807, 0.90952, 0.90403, 0.90925, 0.90897, 0.90691, 0.90836], "average_losses": [0.2444651881480217, 0.23862312852561474, 0.23412064196527005, 0.2304044491147995, 0.2306150051510334, 0.22851977912127971, 0.22918006556212903, 0.22532277053952218, 0.22580631504535675, 0.22569738903999328, 0.224367759231925, 0.22469182518720626, 0.22456058590769767, 0.22479778494954109, 0.22367894203126432, 0.2246940730136633, 0.22441055413007735, 0.22458686339616776, 0.2246768631732464, 0.22553012190282345, 0.22318592437028884, 0.22571328034996987, 0.22704577008903026, 0.22618666674613952, 0.22593956613242627, 0.2264517184072733, 0.22921427412569523, 0.2274541635477543, 0.22437436561107635, 0.2259898725950718, 0.22804252274513245, 0.22900756543040277, 0.2282713723731041, 0.22945447133004665, 0.22877403064846993, 0.23361609599411487, 0.23117346237897873, 0.23029334055542947, 0.23227046146273614, 0.2304212039935589]}