{"learning_rate": 0.001, "epochs": 30, "batch_size": 32, "loss_fn": "CrossEntropyLoss", "optimizer": "AnalogOptimizerAdam", "accuracies": [0.87709, 0.87875, 0.87531, 0.86779, 0.84027, 0.81343, 0.81088, 0.81294, 0.81423, 0.81403, 0.81447, 0.81337, 0.81421, 0.81441, 0.81446, 0.81482, 0.81476, 0.81477, 0.81479, 0.81454, 0.81465, 0.81456, 0.81451, 0.81479, 0.81471, 0.81454, 0.81475, 0.81467, 0.81468, 0.81478], "average_losses": [0.2958095709872246, 0.2992714935040474, 0.3011001024580002, 0.3194018626892567, 0.3737826501464844, 0.4558043509078026, 0.5079642283296585, 0.5068211418867111, 0.5099224457025527, 0.5105845383501053, 0.5089926697349548, 0.5061687435817719, 0.5059374675273896, 0.5041082523059845, 0.5028542524814605, 0.5054067532634735, 0.5034380897188186, 0.49885610686302184, 0.5032602979373932, 0.4943898034763336, 0.4951128902864456, 0.4967526852846146, 0.49586868104934695, 0.4958266310501099, 0.49532758170604707, 0.49488628054142, 0.49756421803474427, 0.4947619237613678, 0.49482139558315275, 0.49539522911071776]}