{"learning_rate": 0.001, "epochs": 10, "batch_size": 32, "loss_fn": "CrossEntropyLoss", "optimizer": "AnalogOptimizerAdam", "accuracies": [0.90748, 0.91628, 0.92098, 0.92236, 0.92221, 0.92459, 0.92289, 0.92323, 0.92324, 0.92299, 0.92479, 0.92549, 0.9264, 0.92332, 0.92498, 0.92514, 0.92606, 0.92612, 0.92529, 0.92453, 0.92526, 0.92428, 0.92177, 0.92143, 0.92066, 0.92174, 0.91873, 0.9187, 0.91724, 0.91489, 0.91369, 0.90784, 0.90355, 0.89408, 0.89393, 0.88049, 0.88617, 0.87838, 0.85897, 0.8575], "average_losses": [0.237283474496603, 0.21432291742801665, 0.2066402863764763, 0.2050783313256502, 0.2030419919526577, 0.20312485180795192, 0.20173020304769276, 0.20257895092070102, 0.20258003371655942, 0.20213716784387828, 0.19999511048018934, 0.20066894517034292, 0.20054215532183647, 0.20800503535926343, 0.20114672474056483, 0.20481179876238106, 0.20233372427731752, 0.2043963763976097, 0.20484415735453368, 0.2028731688761711, 0.20776036572754383, 0.20711622211366892, 0.2109009039467573, 0.2094472210687399, 0.21627282031834125, 0.21454312167704107, 0.22846449269354344, 0.22512145667254924, 0.23061289123773576, 0.24427619316756724, 0.24617819862663745, 0.25921808622479436, 0.2720434078848362, 0.28829871200084684, 0.29063407882392406, 0.34396994515657425, 0.3194226369929314, 0.3507281431901455, 0.3652175816071033, 0.3811980722624064]}