{"learning_rate": 0.001, "epochs": 30, "batch_size": 32, "loss_fn": "CrossEntropyLoss", "optimizer": "AnalogOptimizerAdam", "accuracies": [0.878, 0.87912, 0.8754, 0.87257, 0.86667, 0.83705, 0.81083, 0.81022, 0.80614, 0.81319, 0.81378, 0.814, 0.8142, 0.81368, 0.81437, 0.8143, 0.81455, 0.81431, 0.81442, 0.81473, 0.81453, 0.81434, 0.81467, 0.81464, 0.81475, 0.81457, 0.81438, 0.81473, 0.81465, 0.81459], "average_losses": [0.29419997785925867, 0.29866510282039643, 0.29958469818234446, 0.30609581110715867, 0.32334989433050154, 0.3851398400950432, 0.4806050586414337, 0.5133956251144409, 0.5167125392341614, 0.5120386878085137, 0.49939618843078615, 0.4965858290195465, 0.5002309754943848, 0.49478256803035736, 0.49642060239315033, 0.49787824186325075, 0.4989686522960663, 0.49961890124320985, 0.5020086562728882, 0.5055393318271637, 0.5207495930480956, 0.5227675414562225, 0.5262767902517319, 0.5437082998180389, 0.5429831115627289, 0.5428738657951355, 0.5455479953956603, 0.5436062211704255, 0.5459300680923462, 0.5457360857582092]}