{"learning_rate": 0.001, "epochs": 10, "batch_size": 32, "loss_fn": "CrossEntropyLoss", "optimizer": "AnalogOptimizerAdam", "accuracies": [0.98553, 0.98847, 0.9894, 0.99019, 0.99108, 0.99111, 0.99156, 0.99188, 0.99116, 0.99183, 0.99177, 0.99193, 0.99118, 0.99076, 0.9912, 0.99167, 0.99111, 0.99137, 0.9909, 0.9917, 0.99039, 0.99152, 0.99083, 0.99096, 0.99127, 0.99196, 0.9915, 0.99172, 0.99144, 0.99071, 0.99147, 0.99155, 0.98956, 0.99096, 0.99023, 0.99079, 0.98925, 0.99059, 0.99054, 0.9903], "average_losses": [0.052499175100718894, 0.04276499162351178, 0.039095189974183694, 0.03664972154361847, 0.033470880776476336, 0.03495004519308669, 0.03538359075738219, 0.03327730147481136, 0.033694740112743864, 0.03403674908498763, 0.03449815601616807, 0.03385765149559067, 0.03673992810951573, 0.03530697742228114, 0.03382425562417499, 0.03530742681396774, 0.03458273957063022, 0.0352678901497733, 0.03540925933181323, 0.034615701719436856, 0.03647976002169795, 0.03592831273220649, 0.037256839247045544, 0.03641321418559557, 0.035824441449434634, 0.033968739153779785, 0.03566979712181734, 0.036523355460628536, 0.03627581129537533, 0.0358078076273118, 0.03346605071761369, 0.03526290521788844, 0.037600273040610845, 0.036478273931083556, 0.03885012192159617, 0.03608910520173863, 0.0421935874320646, 0.038963573920930056, 0.04282666724536968, 0.04046997611085848]}