{"learning_rate": 0.001, "epochs": 30, "batch_size": 32, "loss_fn": "CrossEntropyLoss", "optimizer": "AnalogOptimizerAdam", "accuracies": [0.87572, 0.87426, 0.87391, 0.86551, 0.83588, 0.81148, 0.80942, 0.81262, 0.8139, 0.81386, 0.81399, 0.81413, 0.81446, 0.81341, 0.814, 0.81459, 0.81434, 0.81478, 0.81439, 0.81454, 0.81425, 0.81483, 0.81462, 0.81428, 0.8146, 0.81479, 0.81481, 0.81471, 0.8146, 0.81462], "average_losses": [0.2975132921242714, 0.2982261088693142, 0.3056680256831646, 0.3224692813503742, 0.3854636574435234, 0.5140188040733338, 0.5089563194704055, 0.5027204475355148, 0.5076411760091781, 0.5077051185369491, 0.507377153224945, 0.5067018162536621, 0.5043480613040924, 0.5072657980060578, 0.506818905286789, 0.5057577895784378, 0.5048450367355347, 0.5046600414085388, 0.5043934443092346, 0.504630893497467, 0.5042048413944245, 0.5055768738174439, 0.49440196415901183, 0.4939013206577301, 0.48826759392738345, 0.49418026586532593, 0.4950933619594574, 0.4945067489242554, 0.49360729533195496, 0.49993407794952394]}