{"learning_rate": 0.001, "epochs": 10, "batch_size": 32, "loss_fn": "CrossEntropyLoss", "optimizer": "AnalogOptimizerAdam", "accuracies": [0.92477, 0.92558, 0.92534, 0.92728, 0.92657, 0.9273, 0.92537, 0.92575, 0.92617, 0.925, 0.92525, 0.92621, 0.92548, 0.92516, 0.9258, 0.92741, 0.92505, 0.92668, 0.92734, 0.92651, 0.92795, 0.92695, 0.92685, 0.92639, 0.9266, 0.92544, 0.92559, 0.92635, 0.92661, 0.92813, 0.92577, 0.9263, 0.92728, 0.92329, 0.9259, 0.92617, 0.92614, 0.92622, 0.92534, 0.92701], "average_losses": [0.19300494936347007, 0.19145867145359516, 0.19010911242961884, 0.19040338546931743, 0.19080988367557525, 0.18996849341034888, 0.19430156732201576, 0.19094281360030174, 0.19069126165390016, 0.19043682892918587, 0.19118896146327258, 0.1916375435501337, 0.19060875686645506, 0.19135459948539735, 0.19196037279725076, 0.1896645540100336, 0.1919924201822281, 0.19134098511487246, 0.18980030361711978, 0.1906350010073185, 0.1911832185715437, 0.19428731338977814, 0.19142548196792603, 0.18983870092093943, 0.18987266486883164, 0.19159049677431583, 0.19118568527698518, 0.1903459838670492, 0.19174322563648225, 0.18996880058825016, 0.19288609594702721, 0.19034199861764908, 0.1889746781718731, 0.1925600922703743, 0.19104176066577436, 0.19073966031730175, 0.1902198791360855, 0.18996265596687795, 0.19401631294429303, 0.189324612698555]}