{"learning_rate": 0.001, "epochs": 10, "batch_size": 32, "loss_fn": "CrossEntropyLoss", "optimizer": "AnalogOptimizerAdam", "accuracies": [0.87905, 0.8873, 0.88892, 0.88813, 0.89008, 0.89002, 0.88966, 0.89096, 0.89014, 0.89107, 0.88988, 0.89011, 0.89122, 0.8919, 0.89112, 0.89257, 0.89155, 0.89139, 0.89005, 0.89071, 0.89016, 0.88915, 0.88879, 0.88897, 0.88825, 0.8866, 0.88593, 0.88506, 0.88224, 0.87573, 0.8726, 0.86551, 0.86538, 0.86089, 0.85328, 0.84606, 0.83014, 0.81791, 0.81143, 0.80926], "average_losses": [0.29670710176467896, 0.2771555874705315, 0.27490690665364265, 0.27205844616413116, 0.2702914402604103, 0.2697347307944298, 0.2663847647023201, 0.2661418427693844, 0.26663693729758264, 0.26953382876515386, 0.2697074833071232, 0.2693441445207596, 0.2701410665488243, 0.2695827626919746, 0.2681441653954983, 0.26974611736416815, 0.2719732244873047, 0.26862650241851804, 0.27239045644044874, 0.27135545210123063, 0.2723961826562881, 0.27374906510353086, 0.274156421983242, 0.27551524473786354, 0.27334997425317764, 0.28096642379164694, 0.2777764621090889, 0.2853270655190945, 0.2880099363076687, 0.30000744950056074, 0.3050618305200338, 0.3192472339129448, 0.33942755726099016, 0.33210057107686997, 0.34888726825118066, 0.3839010028588772, 0.43195811996221545, 0.49777995208978654, 0.5055671246194839, 0.5140675383472443]}