{"learning_rate": 0.001, "epochs": 10, "batch_size": 32, "loss_fn": "CrossEntropyLoss", "optimizer": "AnalogOptimizerAdam", "accuracies": [0.82807, 0.85092, 0.86011, 0.85017, 0.86139, 0.84929, 0.83503, 0.82743, 0.82779, 0.82221, 0.81642, 0.81405, 0.8102, 0.80741, 0.81146, 0.81363, 0.81284, 0.8142, 0.81172, 0.81099, 0.81213, 0.81003, 0.81272, 0.81023, 0.81394, 0.81425, 0.81401, 0.81359, 0.81326, 0.81436, 0.81423, 0.81395, 0.81238, 0.8132, 0.81348, 0.81433, 0.81464, 0.81434, 0.81395, 0.81404], "average_losses": [0.3842485152196884, 0.3539219378352165, 0.3519419451594353, 0.3680188142597675, 0.3515904523134232, 0.367817382004261, 0.37860695402145383, 0.39538428431749345, 0.4059473765039444, 0.4336608290088177, 0.43295916860103606, 0.4272738419389725, 0.43961466903686525, 0.4552230041217804, 0.4724467634177208, 0.45176004294633865, 0.49302126784563066, 0.4993141042947769, 0.5438235862541199, 0.5359550870895385, 0.5373181668066979, 0.5459648216462135, 0.5602645376253128, 0.5429204435300827, 0.5880599537611008, 0.6041318016034365, 0.5633990520584583, 0.5647568655145169, 0.5336891389465332, 0.5738635432004928, 0.5680851533436775, 0.5219180078411102, 0.5253431761550903, 0.5348703255057334, 0.5143183687281608, 0.5370302132773399, 0.5301873397350312, 0.5168918280363083, 0.5082749329137802, 0.5069003669285774]}